date,product,value
2022-01-01,Clothing,3784
2022-09-29,Clothing,1211
2023-04-06,Clothing,2816
2023-08-29,Clothing,2941
2022-05-07,Clothing,2377
2022-09-28,Clothing,3346
2023-04-07,Clothing,2775
2023-08-28,Clothing,4322
2022-05-08,Clothing,2571
2022-09-27,Clothing,5227
2023-08-27,Clothing,4810
2022-05-06,Clothing,2438
2022-05-09,Clothing,2848
2023-08-26,Clothing,2124
2022-05-10,Clothing,3690
2022-09-26,Clothing,2784
2023-04-09,Clothing,3739
2023-08-25,Clothing,2264
2022-05-11,Clothing,2629
2022-09-25,Clothing,2944
2023-04-10,Clothing,2471
2023-08-24,Clothing,2930
2022-05-12,Clothing,2087
2023-04-08,Clothing,2398
2023-08-30,Clothing,2806
2023-04-05,Clothing,1931
2022-05-05,Clothing,1494
2023-03-31,Clothing,1811
2023-09-06,Clothing,3330
2022-04-29,Clothing,2194
2022-10-04,Clothing,3805
2023-04-01,Clothing,2684
2023-09-05,Clothing,2885
2022-04-30,Clothing,2691
2022-10-03,Clothing,2255
2023-09-04,Clothing,1432
2022-05-01,Clothing,1883
2023-04-02,Clothing,2857
2023-09-03,Clothing,2360
2022-05-02,Clothing,3092
2022-10-02,Clothing,2074
2023-04-03,Clothing,2916
2023-09-02,Clothing,3257
2022-05-03,Clothing,2217
2022-10-01,Clothing,3874
2023-04-04,Clothing,3758
2023-09-01,Clothing,2125
2022-05-04,Clothing,3043
2022-09-30,Clothing,2592
2023-08-31,Clothing,2011
2022-09-24,Clothing,3536
2023-08-23,Clothing,2965
2022-05-13,Clothing,2328
2023-04-11,Clothing,2941
2023-04-17,Clothing,3659
2023-08-14,Clothing,1551
2022-05-22,Clothing,4013
2022-09-17,Clothing,3088
2023-04-18,Clothing,2618
2023-08-13,Clothing,2752
2022-05-23,Clothing,1678
2022-09-16,Clothing,2647
2023-04-19,Clothing,3481
2023-08-12,Clothing,1808
2022-05-24,Clothing,2272
2022-09-15,Clothing,2203
2023-08-11,Clothing,2677
2022-05-25,Clothing,3096
2023-04-20,Clothing,1990
2023-08-10,Clothing,2852
2022-05-26,Clothing,4207
2022-09-14,Clothing,3546
2023-04-21,Clothing,3487
2023-08-09,Clothing,4564
2022-05-27,Clothing,1941
2022-09-13,Clothing,2115
2023-04-22,Clothing,2661
2022-05-21,Clothing,1832
2022-10-05,Clothing,2947
2023-08-15,Clothing,2460
2022-05-20,Clothing,2123
2023-08-22,Clothing,3184
2022-05-14,Clothing,1813
2022-09-23,Clothing,2988
2023-04-12,Clothing,3375
2023-08-21,Clothing,1209
2022-05-15,Clothing,3813
2022-09-22,Clothing,2145
2023-04-13,Clothing,2880
2023-08-20,Clothing,2991
2022-05-16,Clothing,2817
2022-09-21,Clothing,1632
2023-08-19,Clothing,3046
2022-05-17,Clothing,3833
2023-04-14,Clothing,2658
2023-08-18,Clothing,2960
2022-05-18,Clothing,1607
2022-09-20,Clothing,2639
2023-04-15,Clothing,3535
2023-08-17,Clothing,2853
2022-05-19,Clothing,2499
2022-09-19,Clothing,3492
2023-04-16,Clothing,3108
2023-08-16,Clothing,3566
2022-09-18,Clothing,2446
2022-04-28,Clothing,2554
2023-09-07,Clothing,2742
2023-03-30,Clothing,2773
2022-10-22,Clothing,1158
2023-03-14,Clothing,3157
2023-09-29,Clothing,2861
2022-04-06,Clothing,1864
2022-10-21,Clothing,3408
2023-09-28,Clothing,2939
2022-04-07,Clothing,2902
2023-03-15,Clothing,2779
2023-09-27,Clothing,1395
2022-04-08,Clothing,4220
2022-10-20,Clothing,3460
2023-03-16,Clothing,3677
2023-09-26,Clothing,3079
2022-04-09,Clothing,3100
2022-10-19,Clothing,1508
2023-03-17,Clothing,2236
2023-09-25,Clothing,2754
2022-04-10,Clothing,3876
2022-10-18,Clothing,3097
2023-09-24,Clothing,3101
2022-04-11,Clothing,2685
2023-03-18,Clothing,3804
2023-09-23,Clothing,2516
2022-04-05,Clothing,3323
2022-04-12,Clothing,2132
2023-09-30,Clothing,3761
2022-10-23,Clothing,2176
2023-03-08,Clothing,1929
2023-10-07,Clothing,1861
2022-03-29,Clothing,2720
2022-10-27,Clothing,2675
2023-10-06,Clothing,2597
2022-03-30,Clothing,1969
2023-03-09,Clothing,2865
2023-10-05,Clothing,1660
2022-03-31,Clothing,3936
2022-10-26,Clothing,1732
2023-03-10,Clothing,3686
2023-10-04,Clothing,3205
2022-04-01,Clothing,2934
2022-10-25,Clothing,2200
2023-03-11,Clothing,2663
2023-10-03,Clothing,3692
2022-04-02,Clothing,2182
2022-10-24,Clothing,3285
2023-10-02,Clothing,2146
2022-04-03,Clothing,2447
2023-03-12,Clothing,2735
2023-10-01,Clothing,2324
2022-04-04,Clothing,2978
2023-03-13,Clothing,2239
2023-08-08,Clothing,2670
2022-10-17,Clothing,1998
2023-09-22,Clothing,2145
2023-09-14,Clothing,2563
2022-04-21,Clothing,1844
2022-10-10,Clothing,2337
2023-03-26,Clothing,3123
2023-09-13,Clothing,3802
2022-04-22,Clothing,1828
2022-10-09,Clothing,3040
2023-09-12,Clothing,4359
2022-04-23,Clothing,2205
2023-03-27,Clothing,2754
2023-09-11,Clothing,2240
2022-04-24,Clothing,1958
2022-10-08,Clothing,2260
2023-03-28,Clothing,3515
2023-09-10,Clothing,2815
2022-04-25,Clothing,3552
2022-10-07,Clothing,2779
2023-03-29,Clothing,2041
2023-09-09,Clothing,2680
2022-04-26,Clothing,2783
2022-10-06,Clothing,3153
2023-09-08,Clothing,2091
2022-04-27,Clothing,2173
2023-03-25,Clothing,3147
2023-03-19,Clothing,3642
2022-10-11,Clothing,2135
2023-09-15,Clothing,3936
2022-04-13,Clothing,2437
2022-10-16,Clothing,2413
2023-03-20,Clothing,1878
2023-09-21,Clothing,1961
2022-04-14,Clothing,2948
2022-10-15,Clothing,1281
2023-09-20,Clothing,2715
2022-04-15,Clothing,2851
2022-07-29,Clothing,3139
2023-09-19,Clothing,2654
2022-04-16,Clothing,1714
2022-10-14,Clothing,2695
2023-03-22,Clothing,3884
2023-09-18,Clothing,2569
2022-04-17,Clothing,3497
2022-10-13,Clothing,3671
2023-03-23,Clothing,2559
2023-09-17,Clothing,2090
2022-04-18,Clothing,3051
2022-10-12,Clothing,2681
2023-09-16,Clothing,4081
2022-04-19,Clothing,2869
2023-03-24,Clothing,2097
2022-04-20,Clothing,2521
2022-10-28,Clothing,2679
2022-05-28,Clothing,1525
2023-08-07,Clothing,1593
2022-08-14,Clothing,2514
2023-06-29,Clothing,1975
2022-07-07,Clothing,4629
2023-05-22,Clothing,2832
2023-06-28,Clothing,3651
2022-07-08,Clothing,4171
2022-08-13,Clothing,2555
2023-05-23,Clothing,3187
2023-06-27,Clothing,3138
2022-07-09,Clothing,2702
2022-07-06,Clothing,1800
2022-08-12,Clothing,2344
2023-06-26,Clothing,2879
2022-07-10,Clothing,2873
2022-08-11,Clothing,2093
2023-06-25,Clothing,2965
2022-07-11,Clothing,2371
2023-05-25,Clothing,2098
2023-06-24,Clothing,2714
2022-07-12,Clothing,3131
2022-08-10,Clothing,2048
2023-05-26,Clothing,2174
2023-05-24,Clothing,2954
2023-06-30,Clothing,3739
2023-05-21,Clothing,2333
2022-08-15,Clothing,1673
2023-07-07,Clothing,3260
2022-06-29,Clothing,1599
2022-08-19,Clothing,1063
2023-07-06,Clothing,1763
2022-06-30,Clothing,2642
2023-05-17,Clothing,3792
2023-07-05,Clothing,2773
2022-07-01,Clothing,1961
2022-08-18,Clothing,2910
2023-05-18,Clothing,3158
2023-07-04,Clothing,2504
2022-07-02,Clothing,3972
2022-08-17,Clothing,3433
2023-01-01,Clothing,3856
2023-07-03,Clothing,2807
2022-07-03,Clothing,3740
2023-05-19,Clothing,2967
2023-07-02,Clothing,3019
2022-07-04,Clothing,3115
2022-08-16,Clothing,3591
2023-05-20,Clothing,2895
2023-07-01,Clothing,2364
2022-07-05,Clothing,2297
2023-06-23,Clothing,2544
2022-07-13,Clothing,4101
2022-08-09,Clothing,1959
2023-05-27,Clothing,2716
2023-06-02,Clothing,3731
2023-06-14,Clothing,2941
2022-07-22,Clothing,2685
2022-08-02,Clothing,2333
2023-06-13,Clothing,2879
2022-07-23,Clothing,2939
2023-06-03,Clothing,1760
2023-06-12,Clothing,2278
2022-07-24,Clothing,2309
2022-08-01,Clothing,2157
2023-06-04,Clothing,2945
2023-06-11,Clothing,2723
2022-07-25,Clothing,4218
2022-07-31,Clothing,1993
2023-06-05,Clothing,3045
2023-06-10,Clothing,2734
2022-07-26,Clothing,1862
2022-07-30,Clothing,1803
2023-06-09,Clothing,3253
2022-07-27,Clothing,3214
2023-06-06,Clothing,3151
2023-06-08,Clothing,2951
2022-07-28,Clothing,2596
2022-08-03,Clothing,2375
2023-05-16,Clothing,3685
2022-07-21,Clothing,2377
2023-06-01,Clothing,3240
2023-06-22,Clothing,2320
2022-07-14,Clothing,3731
2022-08-08,Clothing,2926
2023-06-21,Clothing,3856
2022-07-15,Clothing,2597
2023-05-28,Clothing,2585
2023-06-20,Clothing,2049
2022-07-16,Clothing,2123
2022-08-07,Clothing,3566
2023-05-29,Clothing,3465
2023-06-19,Clothing,2996
2022-07-17,Clothing,3390
2022-08-06,Clothing,3751
2023-05-30,Clothing,3027
2023-06-18,Clothing,2838
2022-07-18,Clothing,3797
2022-08-05,Clothing,2858
2023-06-17,Clothing,2783
2022-07-19,Clothing,2524
2023-05-31,Clothing,2676
2023-06-16,Clothing,3344
2022-07-20,Clothing,2404
2022-08-04,Clothing,2200
2023-06-15,Clothing,4153
2022-08-20,Clothing,2066
2022-06-28,Clothing,3327
2023-07-08,Clothing,2177
2023-07-30,Clothing,2949
2022-06-06,Clothing,3136
2023-04-29,Clothing,2621
2023-07-29,Clothing,3485
2022-06-07,Clothing,2391
2022-09-05,Clothing,1864
2023-04-30,Clothing,4529
2023-07-28,Clothing,3058
2022-06-08,Clothing,3195
2022-09-04,Clothing,4667
2023-05-01,Clothing,2441
2023-07-27,Clothing,2718
2022-06-09,Clothing,1870
2022-09-03,Clothing,1953
2023-07-26,Clothing,3441
2022-06-10,Clothing,3269
2023-05-02,Clothing,2327
2023-07-25,Clothing,2837
2022-06-11,Clothing,3088
2022-09-02,Clothing,3029
2023-05-03,Clothing,1058
2023-07-24,Clothing,3346
2022-06-12,Clothing,2953
2022-09-06,Clothing,1955
2022-09-01,Clothing,3141
2022-06-05,Clothing,3279
2023-04-28,Clothing,3176
2022-05-29,Clothing,2780
2023-04-23,Clothing,2536
2023-08-06,Clothing,3788
2022-05-30,Clothing,1347
2022-09-11,Clothing,1773
2023-04-24,Clothing,1919
2023-08-05,Clothing,1479
2022-05-31,Clothing,1995
2022-09-10,Clothing,2508
2023-04-25,Clothing,2788
2023-08-04,Clothing,2519
2022-06-01,Clothing,2274
2022-09-09,Clothing,2607
2023-08-03,Clothing,3004
2022-06-02,Clothing,4055
2023-04-26,Clothing,2553
2023-08-02,Clothing,3405
2022-06-03,Clothing,4294
2022-09-08,Clothing,3162
2023-04-27,Clothing,4223
2023-08-01,Clothing,4402
2022-06-04,Clothing,2108
2022-09-07,Clothing,3439
2023-07-31,Clothing,2540
2022-09-12,Clothing,2949
2023-05-04,Clothing,1322
2022-06-13,Clothing,3469
2022-06-21,Clothing,2337
2022-08-25,Clothing,2941
2023-07-14,Clothing,3220
2022-06-22,Clothing,2486
2023-05-11,Clothing,2192
2023-07-13,Clothing,3408
2022-06-23,Clothing,3843
2022-08-24,Clothing,1860
2023-05-12,Clothing,4125
2023-07-12,Clothing,2272
2022-06-24,Clothing,2280
2022-08-23,Clothing,3399
2023-05-13,Clothing,1454
2023-07-11,Clothing,3168
2022-06-25,Clothing,3358
2022-08-22,Clothing,3384
2023-07-10,Clothing,3085
2022-06-26,Clothing,3401
2023-05-14,Clothing,2946
2023-07-09,Clothing,3351
2022-06-27,Clothing,2616
2022-08-21,Clothing,1982
2023-05-15,Clothing,2702
2023-07-15,Clothing,2252
2023-07-23,Clothing,2544
2023-05-10,Clothing,3867
2022-06-20,Clothing,3281
2022-08-31,Clothing,3469
2023-07-22,Clothing,1998
2022-06-14,Clothing,2683
2023-05-05,Clothing,1332
2023-07-21,Clothing,2528
2022-06-15,Clothing,2285
2022-08-30,Clothing,2960
2023-05-06,Clothing,1851
2023-07-20,Clothing,3529
2022-06-16,Clothing,3245
2022-08-29,Clothing,1667
2023-05-07,Clothing,2879
2023-07-19,Clothing,1834
2022-06-17,Clothing,2651
2022-08-28,Clothing,2446
2023-07-18,Clothing,2505
2022-06-18,Clothing,2655
2023-05-08,Clothing,2682
2023-07-17,Clothing,3131
2022-06-19,Clothing,2020
2022-08-27,Clothing,3782
2023-05-09,Clothing,3162
2023-07-16,Clothing,3575
2022-08-26,Clothing,3116
2022-03-28,Clothing,3179
2023-03-21,Clothing,2246
2023-06-07,Clothing,2336
2023-11-13,Clothing,2700
2022-02-20,Clothing,3552
2022-01-19,Clothing,1780
2022-11-24,Clothing,2899
2023-02-09,Clothing,1672
2023-11-12,Clothing,2536
2022-02-21,Clothing,2865
2023-12-15,Clothing,2408
2023-01-15,Clothing,2815
2022-11-23,Clothing,3261
2023-11-11,Clothing,2889
2022-02-22,Clothing,3814
2023-02-10,Clothing,4180
2022-12-19,Clothing,2911
2022-01-18,Clothing,2476
2023-12-16,Clothing,2588
2023-11-10,Clothing,3114
2022-12-18,Clothing,3345
2023-01-16,Clothing,2249
2023-02-08,Clothing,3096
2022-11-25,Clothing,4255
2023-11-17,Clothing,2609
2022-02-16,Clothing,3230
2023-01-17,Clothing,2724
2022-11-27,Clothing,4311
2023-02-06,Clothing,3981
2022-01-21,Clothing,2202
2023-11-16,Clothing,2364
2022-02-17,Clothing,2747
2022-02-23,Clothing,2992
2023-12-13,Clothing,1633
2022-11-26,Clothing,2619
2023-11-15,Clothing,2200
2022-02-18,Clothing,3586
2023-02-07,Clothing,3371
2022-01-20,Clothing,1710
2023-12-14,Clothing,3273
2023-11-14,Clothing,2316
2022-02-19,Clothing,3724
2022-12-17,Clothing,1370
2023-02-05,Clothing,3452
2022-11-22,Clothing,2723
2023-11-09,Clothing,2494
2022-02-28,Clothing,4178
2022-01-15,Clothing,2438
2022-11-18,Clothing,1678
2023-02-15,Clothing,2859
2023-12-19,Clothing,2541
2023-11-04,Clothing,2548
2022-03-01,Clothing,3185
2023-01-12,Clothing,3182
2022-12-22,Clothing,3562
2022-11-17,Clothing,3547
2023-11-03,Clothing,2681
2022-03-02,Clothing,2501
2023-02-16,Clothing,2214
2022-01-14,Clothing,1419
2023-12-20,Clothing,2553
2023-11-02,Clothing,3567
2022-03-03,Clothing,3245
2023-11-05,Clothing,2638
2022-12-21,Clothing,1892
2022-01-30,Clothing,1837
2022-11-19,Clothing,1718
2023-01-14,Clothing,2000
2022-02-24,Clothing,3762
2022-01-17,Clothing,3438
2022-11-21,Clothing,3537
2023-02-12,Clothing,2936
2023-12-17,Clothing,3962
2023-11-08,Clothing,2758
2022-02-25,Clothing,3498
2023-02-11,Clothing,3289
2022-12-20,Clothing,3123
2023-11-07,Clothing,2962
2022-02-26,Clothing,4217
2023-02-13,Clothing,1223
2022-01-16,Clothing,3167
2023-12-18,Clothing,1492
2023-01-13,Clothing,3531
2023-11-06,Clothing,2656
2022-02-27,Clothing,2873
2022-11-20,Clothing,1846
2022-11-28,Clothing,2790
2022-02-15,Clothing,3443
2023-11-18,Clothing,4388
2023-01-22,Clothing,3251
2022-12-12,Clothing,1903
2023-11-29,Clothing,3602
2022-02-04,Clothing,3032
2022-01-27,Clothing,3269
2022-12-06,Clothing,3129
2023-01-28,Clothing,1984
2023-11-28,Clothing,3888
2022-02-05,Clothing,3651
2023-12-07,Clothing,1720
2023-01-21,Clothing,2606
2022-12-05,Clothing,3088
2023-11-27,Clothing,2264
2022-02-06,Clothing,2432
2023-01-29,Clothing,2845
2022-12-13,Clothing,1423
2022-01-26,Clothing,2505
2023-01-27,Clothing,3927
2022-12-07,Clothing,3995
2022-02-03,Clothing,3554
2023-11-30,Clothing,2984
2022-12-10,Clothing,3107
2023-01-24,Clothing,2868
2023-12-03,Clothing,2308
2022-01-31,Clothing,2220
2023-01-23,Clothing,2459
2022-12-09,Clothing,2876
2023-01-25,Clothing,2955
2022-01-29,Clothing,2544
2023-11-26,Clothing,2524
2023-12-02,Clothing,1852
2023-12-05,Clothing,2786
2022-12-11,Clothing,2824
2022-12-08,Clothing,2858
2023-12-01,Clothing,3470
2022-02-02,Clothing,2914
2023-01-26,Clothing,2869
2022-01-28,Clothing,1468
2023-12-06,Clothing,2956
2022-02-01,Clothing,2594
2022-02-07,Clothing,2105
2023-12-08,Clothing,3362
2022-12-04,Clothing,3837
2022-12-15,Clothing,2768
2023-11-21,Clothing,1971
2022-02-12,Clothing,2598
2022-11-30,Clothing,2870
2023-02-03,Clothing,2204
2022-01-23,Clothing,2747
2023-10-08,Clothing,1849
2023-11-20,Clothing,3877
2023-02-02,Clothing,3187
2022-02-13,Clothing,2923
2022-11-29,Clothing,4128
2023-11-19,Clothing,3079
2023-01-18,Clothing,2296
2022-02-14,Clothing,2998
2023-02-04,Clothing,2388
2022-12-16,Clothing,3541
2022-01-22,Clothing,3309
2023-12-12,Clothing,3415
2023-12-11,Clothing,1854
2022-11-16,Clothing,2294
2022-12-01,Clothing,2777
2022-02-11,Clothing,3440
2023-01-30,Clothing,3740
2023-11-25,Clothing,2589
2022-02-08,Clothing,2530
2023-01-20,Clothing,1713
2022-01-25,Clothing,3112
2022-12-03,Clothing,3233
2023-01-31,Clothing,2473
2023-11-24,Clothing,2582
2023-01-19,Clothing,2074
2022-02-09,Clothing,2625
2022-12-14,Clothing,1532
2022-12-02,Clothing,3358
2023-11-23,Clothing,3652
2022-02-10,Clothing,3929
2023-02-01,Clothing,2135
2022-01-24,Clothing,2011
2023-12-10,Clothing,2351
2023-11-22,Clothing,3068
2023-12-09,Clothing,1790
2023-02-17,Clothing,1946
2023-02-14,Clothing,2289
2023-12-04,Clothing,3594
2023-02-26,Clothing,2342
2022-11-07,Clothing,2853
2022-03-23,Clothing,2993
2022-03-15,Clothing,2595
2023-10-21,Clothing,2317
2022-12-27,Clothing,3656
2023-01-07,Clothing,2768
2023-12-26,Clothing,4203
2022-12-30,Clothing,2060
2023-02-25,Clothing,2001
2022-03-14,Clothing,3256
2023-10-22,Clothing,1929
2022-11-08,Clothing,3113
2022-01-08,Clothing,2547
2022-11-01,Clothing,3147
2023-03-04,Clothing,2922
2023-10-12,Clothing,2211
2023-02-23,Clothing,2977
2023-01-08,Clothing,1379
2023-10-24,Clothing,1970
2022-03-24,Clothing,1496
2022-01-05,Clothing,1387
2023-12-31,Clothing,1703
2023-10-13,Clothing,2579
2022-03-12,Clothing,1781
2022-11-09,Clothing,3564
2023-02-24,Clothing,2760
2022-01-03,Clothing,2524
2022-12-26,Clothing,2089
2023-10-23,Clothing,2977
2022-03-13,Clothing,1522
2023-12-25,Clothing,2705
2023-01-04,Clothing,2597
2023-12-30,Clothing,1776
2023-10-20,Clothing,3417
2023-02-28,Clothing,3671
2023-12-28,Clothing,2586
2023-10-17,Clothing,3178
2022-03-19,Clothing,2846
2023-01-05,Clothing,2111
2022-11-04,Clothing,2316
2022-11-02,Clothing,2018
2023-03-01,Clothing,1466
2023-10-15,Clothing,1978
2023-03-02,Clothing,2760
2022-11-03,Clothing,2044
2023-10-16,Clothing,3251
2022-03-20,Clothing,2748
2022-12-29,Clothing,3209
2022-03-21,Clothing,1905
2022-11-10,Clothing,3287
2022-03-18,Clothing,3338
2022-11-05,Clothing,4498
2022-03-16,Clothing,2148
2022-01-07,Clothing,1734
2023-03-03,Clothing,2490
2023-12-27,Clothing,2249
2022-11-06,Clothing,1814
2023-02-27,Clothing,1826
2023-10-18,Clothing,2581
2022-03-22,Clothing,1922
2022-03-17,Clothing,1775
2022-01-04,Clothing,2280
2023-10-14,Clothing,4529
2023-01-06,Clothing,1719
2022-12-28,Clothing,2306
2022-01-06,Clothing,2302
2023-10-19,Clothing,2491
2022-10-31,Clothing,1820
2022-01-09,Clothing,4312
2022-12-24,Clothing,3198
2024-01-01,Clothing,1390
2022-03-26,Clothing,1553
2023-10-28,Clothing,2766
2023-02-20,Clothing,2706
2022-11-13,Clothing,2523
2022-03-11,Clothing,2355
2023-03-06,Clothing,1961
2022-03-07,Clothing,2795
2023-10-29,Clothing,1458
2023-01-10,Clothing,1706
2023-12-22,Clothing,2294
2022-01-12,Clothing,2025
2023-02-19,Clothing,1457
2022-03-06,Clothing,1902
2023-10-30,Clothing,2358
2022-11-14,Clothing,1614
2023-10-09,Clothing,1781
2023-01-11,Clothing,2146
2023-11-01,Clothing,3166
2022-03-04,Clothing,2089
2022-01-13,Clothing,1151
2023-01-02,Clothing,1692
2023-03-07,Clothing,3387
2022-01-11,Clothing,4258
2023-12-21,Clothing,3354
2023-02-18,Clothing,3438
2023-10-31,Clothing,3653
2022-03-05,Clothing,2847
2022-10-29,Clothing,2914
2022-12-23,Clothing,2385
2022-03-27,Clothing,3122
2022-11-15,Clothing,2761
2022-03-08,Clothing,2168
2023-12-29,Clothing,1692
2022-01-02,Clothing,2326
2023-10-26,Clothing,3279
2022-11-11,Clothing,4297
2022-12-25,Clothing,2803
2023-01-09,Clothing,1840
2022-01-10,Clothing,3195
2022-03-25,Clothing,2488
2022-03-10,Clothing,2552
2022-12-31,Clothing,1595
2022-03-09,Clothing,843
2023-10-27,Clothing,1472
2022-10-30,Clothing,2229
2023-10-11,Clothing,1692
2023-12-23,Clothing,2346
2023-02-21,Clothing,2827
2023-10-10,Clothing,2012
2023-12-24,Clothing,2103
2023-01-03,Clothing,3318
2023-03-05,Clothing,2343
2023-02-22,Clothing,3894
2023-10-25,Clothing,1652
2022-11-12,Clothing,2902
2022-08-01,Electronics,2950
2022-12-10,Electronics,1713
2023-05-12,Electronics,3287
2023-01-03,Electronics,3648
2022-12-12,Electronics,2503
2022-08-28,Electronics,3039
2023-01-20,Electronics,2336
2022-12-29,Electronics,2561
2023-06-03,Electronics,3927
2023-01-04,Electronics,1820
2023-05-09,Electronics,2839
2022-07-30,Electronics,3190
2023-01-21,Electronics,2371
2022-08-27,Electronics,2902
2022-12-30,Electronics,3399
2023-06-04,Electronics,2542
2022-08-25,Electronics,2180
2023-05-11,Electronics,3827
2022-08-24,Electronics,2844
2022-12-31,Electronics,2425
2023-06-05,Electronics,1491
2023-05-08,Electronics,2249
2023-06-06,Electronics,2904
2022-07-29,Electronics,4443
2023-01-22,Electronics,1721
2023-05-10,Electronics,2399
2022-12-13,Electronics,3043
2022-12-11,Electronics,3153
2023-01-02,Electronics,4049
2023-01-23,Electronics,1801
2022-07-31,Electronics,2538
2022-08-26,Electronics,3077
2022-08-11,Electronics,3490
2022-12-14,Electronics,3466
2022-12-20,Electronics,1701
2023-05-27,Electronics,1669
2022-08-08,Electronics,2624
2023-01-09,Electronics,1538
2022-08-15,Electronics,1788
2023-01-14,Electronics,3047
2023-05-21,Electronics,2838
2023-05-20,Electronics,4644
2023-05-28,Electronics,3463
2022-08-07,Electronics,3185
2022-12-25,Electronics,2353
2022-08-16,Electronics,1751
2023-05-19,Electronics,2046
2023-01-08,Electronics,2407
2022-12-19,Electronics,2366
2023-01-15,Electronics,3468
2022-08-14,Electronics,2475
2022-12-24,Electronics,2053
2023-05-24,Electronics,3928
2022-12-22,Electronics,2138
2023-05-25,Electronics,2721
2022-08-10,Electronics,4385
2022-08-12,Electronics,3580
2023-01-12,Electronics,2296
2023-01-13,Electronics,2861
2022-12-23,Electronics,3614
2023-05-23,Electronics,1742
2022-12-21,Electronics,3308
2023-05-26,Electronics,3721
2022-08-13,Electronics,2559
2022-08-09,Electronics,1763
2023-05-22,Electronics,3578
2023-01-10,Electronics,2563
2023-05-29,Electronics,2606
2022-12-18,Electronics,3321
2022-08-17,Electronics,2557
2023-05-15,Electronics,1842
2023-01-18,Electronics,3013
2023-06-01,Electronics,2171
2022-12-15,Electronics,3230
2022-08-21,Electronics,2372
2023-05-14,Electronics,3116
2023-01-06,Electronics,2850
2022-08-03,Electronics,4133
2023-01-05,Electronics,2532
2022-08-22,Electronics,2523
2023-06-02,Electronics,2297
2022-08-02,Electronics,3570
2023-05-13,Electronics,1701
2023-01-19,Electronics,3287
2022-12-28,Electronics,2274
2022-08-20,Electronics,1233
2022-08-04,Electronics,3292
2023-01-11,Electronics,1512
2022-08-06,Electronics,3823
2023-05-18,Electronics,2653
2022-12-26,Electronics,2108
2023-01-07,Electronics,2994
2023-01-16,Electronics,2331
2022-12-17,Electronics,3411
2023-05-30,Electronics,2095
2022-08-18,Electronics,2299
2023-05-17,Electronics,1902
2022-08-05,Electronics,2735
2022-08-19,Electronics,3614
2023-05-16,Electronics,3048
2023-01-17,Electronics,2704
2022-12-16,Electronics,3581
2022-12-27,Electronics,2288
2022-08-23,Electronics,2846
2023-05-31,Electronics,1908
2023-03-07,Electronics,2183
2022-08-29,Electronics,2121
2023-02-20,Electronics,2520
2022-10-07,Electronics,2097
2022-11-12,Electronics,3371
2023-03-28,Electronics,3186
2022-10-08,Electronics,3061
2023-03-27,Electronics,3183
2023-02-21,Electronics,2373
2022-11-11,Electronics,3118
2022-10-09,Electronics,2474
2023-03-26,Electronics,2508
2023-02-22,Electronics,1389
2022-11-10,Electronics,1739
2022-10-10,Electronics,2155
2023-03-25,Electronics,2127
2023-02-23,Electronics,3233
2022-10-11,Electronics,3079
2023-03-24,Electronics,2421
2022-11-09,Electronics,3003
2022-10-12,Electronics,2072
2023-03-23,Electronics,2252
2023-02-24,Electronics,2387
2023-03-29,Electronics,2879
2022-10-06,Electronics,2442
2022-11-13,Electronics,3253
2023-02-19,Electronics,3674
2022-09-29,Electronics,2867
2023-04-05,Electronics,3735
2023-02-15,Electronics,2234
2022-11-17,Electronics,2279
2022-09-30,Electronics,2343
2023-04-04,Electronics,2372
2022-10-01,Electronics,4919
2023-02-16,Electronics,2104
2022-11-16,Electronics,2375
2023-04-03,Electronics,1759
2022-11-08,Electronics,2465
2022-10-02,Electronics,2889
2023-02-17,Electronics,2017
2022-11-15,Electronics,2545
2022-10-03,Electronics,2990
2023-04-01,Electronics,2105
2022-10-04,Electronics,2260
2023-02-18,Electronics,2439
2022-11-14,Electronics,2366
2023-03-31,Electronics,2006
2022-10-05,Electronics,4141
2023-03-30,Electronics,2520
2023-04-02,Electronics,2870
2022-10-13,Electronics,1944
2023-03-22,Electronics,1527
2023-02-25,Electronics,3127
2022-11-02,Electronics,1700
2022-10-22,Electronics,3417
2023-03-13,Electronics,2817
2023-03-03,Electronics,3378
2022-11-01,Electronics,3860
2022-10-23,Electronics,2182
2023-03-12,Electronics,3883
2023-03-04,Electronics,2219
2022-10-24,Electronics,4024
2023-03-11,Electronics,937
2023-03-02,Electronics,3799
2022-10-31,Electronics,3526
2023-03-10,Electronics,3209
2023-03-05,Electronics,2868
2022-10-30,Electronics,2746
2022-10-26,Electronics,2960
2023-03-09,Electronics,3632
2023-03-06,Electronics,2078
2022-10-29,Electronics,3728
2022-10-27,Electronics,1977
2023-03-08,Electronics,2218
2022-10-28,Electronics,2354
2022-10-25,Electronics,2346
2022-11-18,Electronics,2501
2023-03-14,Electronics,1797
2023-03-15,Electronics,1416
2022-11-07,Electronics,2859
2022-10-14,Electronics,3106
2023-03-21,Electronics,1754
2022-10-15,Electronics,3571
2023-03-20,Electronics,2958
2023-02-26,Electronics,2184
2022-11-06,Electronics,4909
2022-10-16,Electronics,3075
2023-03-19,Electronics,1378
2023-02-27,Electronics,2730
2022-10-21,Electronics,1604
2022-11-05,Electronics,2356
2023-03-18,Electronics,2594
2022-10-18,Electronics,3661
2023-03-17,Electronics,1733
2023-02-28,Electronics,1519
2022-11-04,Electronics,1759
2022-10-19,Electronics,1717
2023-03-16,Electronics,3656
2023-03-01,Electronics,2321
2022-11-03,Electronics,2896
2022-10-20,Electronics,2843
2022-10-17,Electronics,2946
2023-04-06,Electronics,1690
2023-02-14,Electronics,2624
2022-09-28,Electronics,4670
2022-12-04,Electronics,3015
2022-09-06,Electronics,3631
2023-04-28,Electronics,2789
2023-01-30,Electronics,2542
2022-09-07,Electronics,2198
2022-12-03,Electronics,2597
2023-04-27,Electronics,3096
2022-09-08,Electronics,2464
2023-04-26,Electronics,3030
2023-01-31,Electronics,2151
2023-01-29,Electronics,1558
2022-12-02,Electronics,2500
2023-04-25,Electronics,2818
2023-02-01,Electronics,1852
2022-12-01,Electronics,2441
2022-09-10,Electronics,2953
2023-04-24,Electronics,1802
2023-02-02,Electronics,2786
2022-09-11,Electronics,1493
2023-04-23,Electronics,2491
2022-11-30,Electronics,2914
2022-09-12,Electronics,1470
2022-09-09,Electronics,2559
2023-02-03,Electronics,2696
2023-04-29,Electronics,2289
2023-04-30,Electronics,2583
2023-01-24,Electronics,2297
2023-05-06,Electronics,3551
2022-12-09,Electronics,2117
2022-08-30,Electronics,2251
2023-05-05,Electronics,1947
2023-01-25,Electronics,3249
2022-12-08,Electronics,2273
2022-08-31,Electronics,2647
2023-05-04,Electronics,2930
2022-09-01,Electronics,3585
2022-09-05,Electronics,2338
2023-01-26,Electronics,3224
2023-05-03,Electronics,3285
2022-09-02,Electronics,3794
2023-05-02,Electronics,2616
2023-01-27,Electronics,3137
2022-12-06,Electronics,2298
2022-09-03,Electronics,2924
2023-05-01,Electronics,2809
2022-09-04,Electronics,2622
2023-01-28,Electronics,2623
2022-12-05,Electronics,2215
2022-12-07,Electronics,2108
2023-05-07,Electronics,1655
2022-11-29,Electronics,1500
2023-04-21,Electronics,2007
2023-02-09,Electronics,2072
2022-11-23,Electronics,2904
2022-09-22,Electronics,1678
2023-04-12,Electronics,2594
2023-02-10,Electronics,2562
2022-11-22,Electronics,3619
2022-09-23,Electronics,3640
2023-04-11,Electronics,1630
2023-02-11,Electronics,1841
2022-09-24,Electronics,2679
2023-04-13,Electronics,2609
2023-04-10,Electronics,1287
2022-09-25,Electronics,2849
2023-04-09,Electronics,2005
2023-02-12,Electronics,2688
2022-11-20,Electronics,2588
2022-09-26,Electronics,2500
2023-04-08,Electronics,2054
2023-02-13,Electronics,3413
2022-11-19,Electronics,1862
2022-09-27,Electronics,1762
2023-04-07,Electronics,2813
2022-11-21,Electronics,1986
2022-09-13,Electronics,3146
2022-09-21,Electronics,2350
2022-09-20,Electronics,1776
2023-02-04,Electronics,1308
2022-11-28,Electronics,2621
2022-09-14,Electronics,2216
2023-04-20,Electronics,2128
2022-09-15,Electronics,2927
2023-04-19,Electronics,3574
2023-02-05,Electronics,2647
2022-11-27,Electronics,1911
2022-09-16,Electronics,2566
2023-04-18,Electronics,2204
2023-04-14,Electronics,2028
2023-02-06,Electronics,2085
2022-09-17,Electronics,2813
2023-04-17,Electronics,2467
2022-09-18,Electronics,3589
2023-04-16,Electronics,3271
2023-02-07,Electronics,2679
2022-11-25,Electronics,3552
2022-09-19,Electronics,3025
2023-04-15,Electronics,2321
2023-02-08,Electronics,1306
2022-11-24,Electronics,1645
2022-11-26,Electronics,2616
2023-04-22,Electronics,1729
2023-07-03,Electronics,1787
2023-09-20,Electronics,2335
2023-10-08,Electronics,2452
2022-03-28,Electronics,2391
2023-10-07,Electronics,2885
2022-03-29,Electronics,2276
2023-10-06,Electronics,2686
2022-03-30,Electronics,2440
2023-10-05,Electronics,3709
2022-03-31,Electronics,2396
2023-10-04,Electronics,1785
2022-04-01,Electronics,2828
2023-10-03,Electronics,3047
2022-04-02,Electronics,2894
2023-10-02,Electronics,2322
2022-04-03,Electronics,3259
2022-03-27,Electronics,2433
2023-10-01,Electronics,2180
2023-09-30,Electronics,2672
2022-04-05,Electronics,1615
2023-09-29,Electronics,3243
2022-04-06,Electronics,2753
2023-09-28,Electronics,2134
2022-04-07,Electronics,2816
2023-09-27,Electronics,3020
2022-04-08,Electronics,1518
2023-09-26,Electronics,3581
2022-04-09,Electronics,3069
2023-09-25,Electronics,2166
2022-04-10,Electronics,1978
2023-09-24,Electronics,2510
2022-04-11,Electronics,2588
2022-04-04,Electronics,1150
2023-09-23,Electronics,1833
2023-10-09,Electronics,2704
2023-10-10,Electronics,2377
2023-10-25,Electronics,4368
2022-03-11,Electronics,3270
2023-10-24,Electronics,4232
2022-03-12,Electronics,2817
2023-10-23,Electronics,3687
2022-03-13,Electronics,2666
2023-10-22,Electronics,3567
2022-03-14,Electronics,2547
2023-10-21,Electronics,2971
2022-03-15,Electronics,2061
2023-10-20,Electronics,2823
2022-03-16,Electronics,1518
2023-10-19,Electronics,3171
2022-03-17,Electronics,3490
2022-03-26,Electronics,4835
2023-10-18,Electronics,2507
2023-10-17,Electronics,2249
2022-03-19,Electronics,3056
2023-10-16,Electronics,2238
2022-03-20,Electronics,2194
2023-10-15,Electronics,2590
2022-03-21,Electronics,1980
2023-10-14,Electronics,3140
2022-03-22,Electronics,2640
2023-10-13,Electronics,2824
2022-03-23,Electronics,2420
2023-10-12,Electronics,3005
2022-03-24,Electronics,4238
2023-10-11,Electronics,2708
2022-03-25,Electronics,1578
2022-03-18,Electronics,2356
2022-03-10,Electronics,2452
2022-04-12,Electronics,3165
2022-04-13,Electronics,2360
2023-09-04,Electronics,4441
2022-05-01,Electronics,2961
2023-09-03,Electronics,2887
2022-05-02,Electronics,2066
2023-09-02,Electronics,1763
2022-05-03,Electronics,3615
2023-09-01,Electronics,1648
2022-05-04,Electronics,1716
2023-08-31,Electronics,2674
2022-05-05,Electronics,2537
2023-08-30,Electronics,4325
2022-05-06,Electronics,3069
2023-08-29,Electronics,2585
2022-05-07,Electronics,3169
2022-04-30,Electronics,1727
2023-08-28,Electronics,3082
2023-08-27,Electronics,2287
2022-05-09,Electronics,1573
2023-08-26,Electronics,2119
2022-05-10,Electronics,1245
2023-08-25,Electronics,2821
2022-05-11,Electronics,1853
2023-08-24,Electronics,2575
2022-05-12,Electronics,2528
2023-08-23,Electronics,2309
2022-05-13,Electronics,3339
2023-08-22,Electronics,2305
2022-05-14,Electronics,2792
2023-08-21,Electronics,1732
2022-05-15,Electronics,2940
2022-05-08,Electronics,1964
2023-09-22,Electronics,3061
2023-09-05,Electronics,1923
2023-09-06,Electronics,2801
2023-09-21,Electronics,3301
2022-04-14,Electronics,2975
2023-06-07,Electronics,3725
2022-04-15,Electronics,3537
2023-09-19,Electronics,3196
2022-04-16,Electronics,1880
2023-09-18,Electronics,2783
2022-04-17,Electronics,3406
2023-09-17,Electronics,1755
2022-04-18,Electronics,2608
2023-09-16,Electronics,2578
2022-04-19,Electronics,2200
2023-09-15,Electronics,2066
2022-04-20,Electronics,2555
2022-04-29,Electronics,2830
2023-09-14,Electronics,2582
2023-09-13,Electronics,2246
2022-04-22,Electronics,2692
2023-09-12,Electronics,3020
2022-04-23,Electronics,2208
2023-09-11,Electronics,1858
2022-04-24,Electronics,2078
2023-09-10,Electronics,2389
2022-04-25,Electronics,3076
2023-09-09,Electronics,2678
2022-04-26,Electronics,3523
2023-09-08,Electronics,2606
2022-04-27,Electronics,4027
2023-09-07,Electronics,3514
2022-04-28,Electronics,2817
2022-04-21,Electronics,3263
2023-10-26,Electronics,3017
2022-03-09,Electronics,2695
2023-10-27,Electronics,1781
2022-01-18,Electronics,2758
2023-12-15,Electronics,3777
2022-01-19,Electronics,3446
2023-12-14,Electronics,2582
2022-01-20,Electronics,2706
2023-12-13,Electronics,2491
2022-01-21,Electronics,4489
2023-12-12,Electronics,3172
2022-01-22,Electronics,2620
2023-12-11,Electronics,2073
2022-01-23,Electronics,1957
2023-12-10,Electronics,2296
2022-01-24,Electronics,3092
2023-12-09,Electronics,3486
2023-12-16,Electronics,3831
2022-01-25,Electronics,2607
2022-01-26,Electronics,2404
2023-12-07,Electronics,2926
2022-01-27,Electronics,2376
2023-12-06,Electronics,2772
2022-01-28,Electronics,2674
2023-12-05,Electronics,3625
2022-01-29,Electronics,3214
2023-12-04,Electronics,2233
2022-01-30,Electronics,3832
2023-12-03,Electronics,1473
2022-01-31,Electronics,3657
2023-12-02,Electronics,2848
2022-02-01,Electronics,2647
2023-12-01,Electronics,3042
2023-12-08,Electronics,3292
2022-02-02,Electronics,4010
2022-01-17,Electronics,2307
2022-01-16,Electronics,2929
2022-01-01,Electronics,3440
2024-01-01,Electronics,3334
2022-01-02,Electronics,2555
2023-12-31,Electronics,1916
2022-01-03,Electronics,3339
2023-12-30,Electronics,1656
2022-01-04,Electronics,2798
2023-12-29,Electronics,3330
2022-01-05,Electronics,2655
2023-12-28,Electronics,2610
2022-01-06,Electronics,1226
2023-12-27,Electronics,2861
2022-01-07,Electronics,2997
2023-12-26,Electronics,2261
2023-12-17,Electronics,2152
2022-01-08,Electronics,2275
2022-01-09,Electronics,4863
2023-12-24,Electronics,2964
2022-01-10,Electronics,2578
2023-12-23,Electronics,3215
2022-01-11,Electronics,2433
2023-12-22,Electronics,3667
2022-01-12,Electronics,3518
2023-12-21,Electronics,1495
2022-01-13,Electronics,2437
2023-12-20,Electronics,4359
2022-01-14,Electronics,3505
2023-12-19,Electronics,2998
2022-01-15,Electronics,2812
2023-12-18,Electronics,4543
2023-12-25,Electronics,3808
2023-11-30,Electronics,3017
2022-02-03,Electronics,2662
2023-11-29,Electronics,3956
2023-11-11,Electronics,3102
2022-02-22,Electronics,2472
2023-11-10,Electronics,2020
2022-02-23,Electronics,2165
2023-11-09,Electronics,1740
2022-02-24,Electronics,2379
2023-11-08,Electronics,1731
2022-02-25,Electronics,2025
2023-11-07,Electronics,2641
2022-02-26,Electronics,2118
2023-11-06,Electronics,2979
2022-02-27,Electronics,4561
2023-11-05,Electronics,1830
2022-02-28,Electronics,3981
2022-02-21,Electronics,2840
2023-11-04,Electronics,3809
2023-11-03,Electronics,3294
2022-03-02,Electronics,3145
2023-11-02,Electronics,2216
2022-03-03,Electronics,2833
2023-11-01,Electronics,721
2022-03-04,Electronics,2801
2023-10-31,Electronics,2061
2022-03-05,Electronics,3630
2023-10-30,Electronics,2238
2022-03-06,Electronics,2073
2023-10-29,Electronics,3283
2022-03-07,Electronics,1515
2023-10-28,Electronics,4085
2022-03-08,Electronics,2654
2022-03-01,Electronics,1886
2023-11-12,Electronics,1752
2022-02-20,Electronics,1775
2023-11-13,Electronics,3263
2022-02-04,Electronics,2756
2023-11-28,Electronics,2789
2022-02-05,Electronics,3442
2023-11-27,Electronics,2760
2022-02-06,Electronics,3013
2023-11-26,Electronics,2388
2022-02-07,Electronics,4035
2023-11-25,Electronics,3703
2022-02-08,Electronics,2048
2023-11-24,Electronics,2868
2022-02-09,Electronics,1294
2023-11-23,Electronics,2797
2022-02-10,Electronics,2401
2023-11-22,Electronics,2392
2022-02-11,Electronics,2027
2023-11-21,Electronics,2904
2022-02-12,Electronics,2653
2022-02-19,Electronics,1590
2023-11-14,Electronics,2624
2022-02-18,Electronics,1749
2023-11-15,Electronics,3266
2022-02-17,Electronics,2142
2023-11-16,Electronics,3954
2023-08-20,Electronics,2166
2022-02-16,Electronics,925
2022-02-15,Electronics,4118
2023-11-18,Electronics,2655
2022-02-14,Electronics,2939
2023-11-19,Electronics,2157
2022-02-13,Electronics,2319
2023-11-20,Electronics,1699
2023-11-17,Electronics,3387
2022-05-16,Electronics,2197
2023-01-01,Electronics,3240
2023-07-29,Electronics,2479
2023-06-19,Electronics,3786
2022-06-19,Electronics,1553
2022-07-16,Electronics,2060
2023-08-02,Electronics,4461
2022-06-03,Electronics,2060
2023-06-20,Electronics,3521
2023-07-17,Electronics,2282
2022-06-02,Electronics,1183
2023-07-01,Electronics,2584
2022-06-04,Electronics,1638
2022-07-05,Electronics,3302
2022-07-15,Electronics,3558
2023-07-31,Electronics,2554
2023-06-21,Electronics,2769
2022-06-18,Electronics,2191
2022-06-05,Electronics,3035
2023-08-01,Electronics,2735
2023-08-03,Electronics,2483
2023-07-16,Electronics,4164
2022-07-17,Electronics,2043
2023-06-16,Electronics,1263
2022-05-29,Electronics,1458
2022-07-03,Electronics,2083
2022-07-19,Electronics,3002
2023-08-06,Electronics,3254
2022-06-21,Electronics,5053
2022-05-30,Electronics,4088
2023-06-17,Electronics,2888
2023-08-05,Electronics,3036
2022-07-18,Electronics,3042
2022-05-31,Electronics,2401
2022-06-20,Electronics,2658
2023-06-18,Electronics,3063
2023-08-04,Electronics,4935
2022-06-01,Electronics,2383
2023-07-02,Electronics,2023
2022-07-04,Electronics,2514
2023-07-18,Electronics,3122
2023-06-30,Electronics,2846
2023-07-30,Electronics,3322
2022-07-14,Electronics,2385
2022-06-10,Electronics,2380
2022-06-15,Electronics,2611
2023-06-25,Electronics,2315
2023-07-25,Electronics,2793
2022-06-11,Electronics,1529
2023-07-21,Electronics,2186
2022-07-10,Electronics,2387
2023-07-24,Electronics,1837
2023-06-28,Electronics,2646
2023-06-26,Electronics,2070
2022-06-12,Electronics,2809
2022-07-08,Electronics,937
2022-06-14,Electronics,3686
2023-07-23,Electronics,2523
2022-07-09,Electronics,2601
2022-06-13,Electronics,2863
2023-07-22,Electronics,2685
2022-07-11,Electronics,2240
2023-08-07,Electronics,3366
2023-07-26,Electronics,3178
2023-07-20,Electronics,2491
2022-06-06,Electronics,1984
2023-06-22,Electronics,1768
2022-07-06,Electronics,2451
2022-06-28,Electronics,2490
2022-07-13,Electronics,1767
2022-06-17,Electronics,2368
2022-06-07,Electronics,1571
2023-07-19,Electronics,3576
2023-07-28,Electronics,3280
2023-06-23,Electronics,4024
2022-06-08,Electronics,2956
2022-06-16,Electronics,2797
2022-07-12,Electronics,2870
2023-07-27,Electronics,2043
2022-06-09,Electronics,1800
2023-06-24,Electronics,2506
2023-06-29,Electronics,3089
2022-07-07,Electronics,2152
2023-07-14,Electronics,1867
2023-07-15,Electronics,3469
2022-07-20,Electronics,3183
2023-08-15,Electronics,2928
2022-05-21,Electronics,2584
2022-07-25,Electronics,2353
2023-07-06,Electronics,2571
2023-08-14,Electronics,2470
2023-06-11,Electronics,2065
2022-05-22,Electronics,3822
2023-06-10,Electronics,3685
2022-06-25,Electronics,3019
2023-07-11,Electronics,3430
2022-07-02,Electronics,2045
2023-08-13,Electronics,2593
2022-07-24,Electronics,2967
2023-06-12,Electronics,4307
2022-05-23,Electronics,2255
2022-06-24,Electronics,2430
2022-06-30,Electronics,3467
2023-07-10,Electronics,2674
2022-06-26,Electronics,2628
2022-07-26,Electronics,3192
2023-08-19,Electronics,2378
2022-05-17,Electronics,2646
2022-07-28,Electronics,4141
2023-07-08,Electronics,3221
2023-06-08,Electronics,3129
2023-08-18,Electronics,3467
2022-05-18,Electronics,3563
2022-06-27,Electronics,2658
2023-07-09,Electronics,4293
2023-08-17,Electronics,2945
2022-07-27,Electronics,2656
2023-07-07,Electronics,1899
2023-06-09,Electronics,2468
2022-05-19,Electronics,1373
2022-06-29,Electronics,2574
2023-08-16,Electronics,1690
2022-05-20,Electronics,2680
2023-08-12,Electronics,2508
2022-05-24,Electronics,3109
2023-06-27,Electronics,3187
2023-07-13,Electronics,2968
2023-08-09,Electronics,1662
2022-07-21,Electronics,3248
2022-07-23,Electronics,2414
2023-07-04,Electronics,2503
2022-05-26,Electronics,2509
2023-06-14,Electronics,3963
2023-08-10,Electronics,3091
2022-05-27,Electronics,2834
2022-06-23,Electronics,2524
2023-06-15,Electronics,1896
2022-07-01,Electronics,1862
2023-08-08,Electronics,2332
2022-07-22,Electronics,3423
2023-07-05,Electronics,2177
2023-08-11,Electronics,2473
2022-05-28,Electronics,3286
2022-06-22,Electronics,2489
2023-07-12,Electronics,3193
2022-05-25,Electronics,3978
2023-06-13,Electronics,2677
2023-01-30,Furniture,2417
2023-11-23,Furniture,2069
2023-11-14,Furniture,4264
2023-11-08,Furniture,2463
2023-06-27,Furniture,1834
2023-01-31,Furniture,2724
2023-07-02,Furniture,2558
2023-11-25,Furniture,3757
2023-06-28,Furniture,2839
2023-07-03,Furniture,4916
2023-05-18,Furniture,2019
2023-02-07,Furniture,2511
2023-11-24,Furniture,2592
2023-07-07,Furniture,3131
2023-02-11,Furniture,1784
2023-11-07,Furniture,3189
2023-11-15,Furniture,2209
2023-02-12,Furniture,3191
2023-02-06,Furniture,3045
2023-05-22,Furniture,2972
2023-11-16,Furniture,2595
2023-05-17,Furniture,1133
2023-05-19,Furniture,2276
2023-02-09,Furniture,4716
2023-05-20,Furniture,3226
2023-11-19,Furniture,3630
2023-02-03,Furniture,2738
2023-11-11,Furniture,3423
2023-07-05,Furniture,3575
2023-11-18,Furniture,2120
2023-02-04,Furniture,4922
2023-06-30,Furniture,2070
2023-07-01,Furniture,3355
2023-11-12,Furniture,4037
2023-02-08,Furniture,2120
2023-05-16,Furniture,3840
2023-02-02,Furniture,3359
2023-11-21,Furniture,3137
2023-11-10,Furniture,3571
2023-02-10,Furniture,1885
2023-05-21,Furniture,1673
2023-07-06,Furniture,3974
2023-11-09,Furniture,3395
2023-06-29,Furniture,2625
2023-02-01,Furniture,3801
2023-07-04,Furniture,3229
2023-02-05,Furniture,1792
2023-11-22,Furniture,3364
2023-11-13,Furniture,3008
2023-11-17,Furniture,3596
2023-11-20,Furniture,2805
2023-04-13,Furniture,1396
2023-11-26,Furniture,3053
2023-12-23,Furniture,2020
2023-01-09,Furniture,3330
2023-12-22,Furniture,2849
2023-06-13,Furniture,3263
2023-06-02,Furniture,2148
2023-01-10,Furniture,2032
2023-12-21,Furniture,2740
2023-12-20,Furniture,3333
2023-01-11,Furniture,3009
2023-06-14,Furniture,2515
2023-12-19,Furniture,1706
2023-06-01,Furniture,2743
2023-01-12,Furniture,2698
2023-12-18,Furniture,2131
2023-06-15,Furniture,2995
2023-01-13,Furniture,1873
2023-12-17,Furniture,3646
2023-05-31,Furniture,2659
2023-12-16,Furniture,2106
2023-01-14,Furniture,4066
2023-06-16,Furniture,3153
2023-06-12,Furniture,2234
2023-12-15,Furniture,3694
2023-06-03,Furniture,1983
2023-12-24,Furniture,3214
2024-01-01,Furniture,3053
2023-01-02,Furniture,2180
2023-06-06,Furniture,4598
2023-12-31,Furniture,2711
2023-06-08,Furniture,2853
2023-01-03,Furniture,1541
2023-12-30,Furniture,4359
2023-06-09,Furniture,3651
2023-01-04,Furniture,3267
2023-12-29,Furniture,2799
2023-06-05,Furniture,2948
2023-12-28,Furniture,4122
2023-01-05,Furniture,3800
2023-06-10,Furniture,2302
2023-12-27,Furniture,2475
2023-01-06,Furniture,1584
2023-06-04,Furniture,1910
2023-12-26,Furniture,3145
2023-06-11,Furniture,3819
2023-01-07,Furniture,1968
2023-12-25,Furniture,1801
2023-01-08,Furniture,2047
2023-01-15,Furniture,2232
2023-06-17,Furniture,2456
2023-12-14,Furniture,3098
2023-01-23,Furniture,3553
2023-05-26,Furniture,2998
2023-12-03,Furniture,3571
2023-06-23,Furniture,2402
2023-01-24,Furniture,2062
2023-12-02,Furniture,3082
2023-05-25,Furniture,2142
2023-01-25,Furniture,2531
2023-12-01,Furniture,2371
2023-06-24,Furniture,1859
2023-11-30,Furniture,3411
2023-01-26,Furniture,2485
2023-06-25,Furniture,2739
2023-11-29,Furniture,2482
2023-05-24,Furniture,2001
2023-01-27,Furniture,1936
2023-11-28,Furniture,1568
2023-06-26,Furniture,3163
2023-01-28,Furniture,3128
2023-11-27,Furniture,4757
2023-05-23,Furniture,2465
2023-12-04,Furniture,3645
2023-06-22,Furniture,4188
2023-12-05,Furniture,2230
2023-01-22,Furniture,3654
2023-05-30,Furniture,2299
2023-01-16,Furniture,2824
2023-12-13,Furniture,3891
2023-06-18,Furniture,2549
2023-12-12,Furniture,2428
2023-01-17,Furniture,4101
2023-05-29,Furniture,2938
2023-12-11,Furniture,2548
2023-01-18,Furniture,2673
2023-06-19,Furniture,2817
2023-01-29,Furniture,2237
2023-12-10,Furniture,2533
2023-12-09,Furniture,2834
2023-05-28,Furniture,1401
2023-06-20,Furniture,2307
2023-12-08,Furniture,2207
2023-01-20,Furniture,3032
2023-12-07,Furniture,2898
2023-06-21,Furniture,1808
2023-01-21,Furniture,2835
2023-05-27,Furniture,1488
2023-12-06,Furniture,1720
2023-01-19,Furniture,2514
2023-05-15,Furniture,2579
2023-10-26,Furniture,2269
2023-02-13,Furniture,2192
2023-03-23,Furniture,3294
2023-09-16,Furniture,2583
2023-08-04,Furniture,2635
2023-09-15,Furniture,2441
2023-03-24,Furniture,2996
2023-04-24,Furniture,2944
2023-09-14,Furniture,3012
2023-08-05,Furniture,2668
2023-03-25,Furniture,2575
2023-09-13,Furniture,1982
2023-09-17,Furniture,3482
2023-04-23,Furniture,2324
2023-09-12,Furniture,1256
2023-08-06,Furniture,3384
2023-09-11,Furniture,3044
2023-03-27,Furniture,2326
2023-08-07,Furniture,3069
2023-09-10,Furniture,3420
2023-04-22,Furniture,3122
2023-03-28,Furniture,2670
2023-09-09,Furniture,2423
2023-08-08,Furniture,1515
2023-03-26,Furniture,2505
2023-04-25,Furniture,2899
2023-03-22,Furniture,1987
2023-08-03,Furniture,2670
2023-07-29,Furniture,4141
2023-09-26,Furniture,1664
2023-03-16,Furniture,3074
2023-07-30,Furniture,2737
2023-09-25,Furniture,2982
2023-04-28,Furniture,3398
2023-03-17,Furniture,2740
2023-09-24,Furniture,3670
2023-07-31,Furniture,4167
2023-09-23,Furniture,3080
2023-03-18,Furniture,2830
2023-04-27,Furniture,1863
2023-09-22,Furniture,2885
2023-03-19,Furniture,2261
2023-08-01,Furniture,2385
2023-09-21,Furniture,3237
2023-03-20,Furniture,3465
2023-09-20,Furniture,1979
2023-04-26,Furniture,4204
2023-08-02,Furniture,1865
2023-09-19,Furniture,2127
2023-03-21,Furniture,3445
2023-09-18,Furniture,2189
2023-03-29,Furniture,4444
2023-03-15,Furniture,3465
2023-09-08,Furniture,2526
2023-09-07,Furniture,2651
2023-08-14,Furniture,4596
2023-04-07,Furniture,2303
2023-08-27,Furniture,3690
2023-08-15,Furniture,2089
2023-08-26,Furniture,2995
2023-04-08,Furniture,3552
2023-04-16,Furniture,2746
2023-08-25,Furniture,2203
2023-04-09,Furniture,3456
2023-08-16,Furniture,2885
2023-08-28,Furniture,1434
2023-08-24,Furniture,4054
2023-04-10,Furniture,2407
2023-08-23,Furniture,4213
2023-08-17,Furniture,2705
2023-08-22,Furniture,1977
2023-04-11,Furniture,2047
2023-08-21,Furniture,3791
2023-04-14,Furniture,3089
2023-04-12,Furniture,3502
2023-08-18,Furniture,3680
2023-08-20,Furniture,1761
2023-04-15,Furniture,2113
2023-04-17,Furniture,1724
2023-04-06,Furniture,2607
2023-08-29,Furniture,2829
2023-03-30,Furniture,3502
2023-08-09,Furniture,2699
2023-09-06,Furniture,3025
2023-03-31,Furniture,2165
2023-09-05,Furniture,3517
2023-04-20,Furniture,1219
2023-08-10,Furniture,2196
2023-04-01,Furniture,2518
2023-09-04,Furniture,2651
2023-09-03,Furniture,2961
2023-04-02,Furniture,3405
2023-08-11,Furniture,2323
2023-04-19,Furniture,3176
2023-09-02,Furniture,2040
2023-04-03,Furniture,2147
2023-09-01,Furniture,2705
2023-08-12,Furniture,1714
2023-04-04,Furniture,2139
2023-08-31,Furniture,2978
2023-04-18,Furniture,2710
2023-08-30,Furniture,2002
2023-04-05,Furniture,2505
2023-08-13,Furniture,2739
2023-04-21,Furniture,2003
2023-09-27,Furniture,2280
2023-04-29,Furniture,2956
2023-09-28,Furniture,2369
2023-02-21,Furniture,3556
2023-08-19,Furniture,3079
2023-07-14,Furniture,2711
2023-10-25,Furniture,3185
2023-02-22,Furniture,2655
2023-05-10,Furniture,2400
2023-10-24,Furniture,2259
2023-02-23,Furniture,2684
2023-07-15,Furniture,2932
2023-10-23,Furniture,1995
2023-07-13,Furniture,2327
2023-05-09,Furniture,3276
2023-10-22,Furniture,2769
2023-07-16,Furniture,2435
2023-10-21,Furniture,5389
2023-02-25,Furniture,1763
2023-10-20,Furniture,2845
2023-05-08,Furniture,2099
2023-02-26,Furniture,2689
2023-07-17,Furniture,2930
2023-10-19,Furniture,4020
2023-02-27,Furniture,3154
2023-02-24,Furniture,3844
2023-10-27,Furniture,3424
2023-05-11,Furniture,3377
2023-02-20,Furniture,2731
2023-07-08,Furniture,4098
2023-11-05,Furniture,3658
2023-02-14,Furniture,3032
2023-11-04,Furniture,2058
2023-05-14,Furniture,1932
2023-07-09,Furniture,2255
2023-02-15,Furniture,3048
2023-11-03,Furniture,3122
2023-11-02,Furniture,1987
2023-02-16,Furniture,4340
2023-07-10,Furniture,2558
2023-05-13,Furniture,2693
2023-11-01,Furniture,2781
2023-02-17,Furniture,2920
2023-10-31,Furniture,1778
2023-07-11,Furniture,2551
2023-02-18,Furniture,3358
2023-10-30,Furniture,2094
2023-05-12,Furniture,2542
2023-10-29,Furniture,4153
2023-02-19,Furniture,2918
2023-07-12,Furniture,3089
2023-10-28,Furniture,2741
2023-10-18,Furniture,2741
2023-07-18,Furniture,1245
2023-05-07,Furniture,3656
2023-10-17,Furniture,3776
2023-07-24,Furniture,3080
2023-03-08,Furniture,2445
2023-10-06,Furniture,2194
2023-10-05,Furniture,2555
2023-03-09,Furniture,2936
2023-05-02,Furniture,2765
2023-07-25,Furniture,3630
2023-10-04,Furniture,4003
2023-03-10,Furniture,2408
2023-10-03,Furniture,2978
2023-07-26,Furniture,2101
2023-05-01,Furniture,3261
2023-03-11,Furniture,4039
2023-10-02,Furniture,1177
2023-10-01,Furniture,3324
2023-03-12,Furniture,2960
2023-07-27,Furniture,2797
2023-09-30,Furniture,1888
2023-04-30,Furniture,2116
2023-03-13,Furniture,3598
2023-09-29,Furniture,3321
2023-07-28,Furniture,3420
2023-03-14,Furniture,3646
2023-10-07,Furniture,2596
2023-11-06,Furniture,3103
2023-05-03,Furniture,3104
2023-10-08,Furniture,2376
2023-02-28,Furniture,2566
2023-10-16,Furniture,2732
2023-07-19,Furniture,2194
2023-03-01,Furniture,2886
2023-10-15,Furniture,3545
2023-05-06,Furniture,2469
2023-03-02,Furniture,2178
2023-10-14,Furniture,2115
2023-07-20,Furniture,3261
2023-10-13,Furniture,2681
2023-03-03,Furniture,1214
2023-05-05,Furniture,1324
2023-10-12,Furniture,2795
2023-07-21,Furniture,2719
2023-03-04,Furniture,3294
2023-10-11,Furniture,4090
2023-07-22,Furniture,4354
2023-03-05,Furniture,2520
2023-10-10,Furniture,3648
2023-05-04,Furniture,2794
2023-10-09,Furniture,1884
2023-03-06,Furniture,2839
2023-07-23,Furniture,2183
2023-03-07,Furniture,2478
2023-06-07,Furniture,2255
2023-01-01,Furniture,1489
2022-04-15,Furniture,1537
2022-03-27,Furniture,2663
2022-10-29,Furniture,2516
2022-06-13,Furniture,929
2022-03-26,Furniture,2364
2022-10-30,Furniture,5261
2022-08-31,Furniture,2878
2022-03-25,Furniture,4553
2022-06-14,Furniture,1931
2022-10-31,Furniture,2601
2022-03-24,Furniture,3204
2022-09-01,Furniture,2124
2022-03-23,Furniture,2339
2022-08-30,Furniture,2799
2022-06-15,Furniture,4571
2022-03-22,Furniture,4112
2022-11-02,Furniture,2515
2022-03-21,Furniture,2953
2022-06-16,Furniture,3175
2022-08-29,Furniture,3658
2022-11-03,Furniture,2442
2022-03-20,Furniture,2109
2022-03-19,Furniture,3836
2022-11-01,Furniture,3035
2022-03-28,Furniture,1848
2022-10-28,Furniture,3856
2022-06-12,Furniture,1392
2022-06-07,Furniture,3954
2022-04-06,Furniture,2529
2022-10-22,Furniture,2386
2022-04-05,Furniture,3213
2022-06-08,Furniture,1842
2022-09-04,Furniture,3192
2022-04-04,Furniture,3402
2022-10-23,Furniture,2938
2022-04-03,Furniture,3689
2022-06-09,Furniture,3445
2022-10-24,Furniture,1662
2022-04-02,Furniture,2588
2022-09-03,Furniture,2513
2022-10-25,Furniture,2298
2022-04-01,Furniture,2561
2022-06-10,Furniture,2920
2022-03-31,Furniture,4083
2022-10-26,Furniture,2889
2022-09-02,Furniture,2488
2022-03-30,Furniture,3094
2022-06-11,Furniture,1517
2022-10-27,Furniture,2178
2022-03-29,Furniture,2442
2022-11-04,Furniture,4011
2022-10-21,Furniture,3472
2022-06-17,Furniture,3148
2022-08-28,Furniture,2611
2022-03-07,Furniture,3114
2022-11-13,Furniture,2532
2022-03-06,Furniture,2390
2022-06-24,Furniture,2037
2022-11-14,Furniture,2636
2022-08-23,Furniture,2738
2022-03-05,Furniture,2512
2022-11-15,Furniture,2564
2022-03-04,Furniture,3117
2022-06-25,Furniture,3190
2022-06-23,Furniture,2287
2022-03-03,Furniture,1956
2022-08-22,Furniture,3337
2022-03-02,Furniture,2860
2022-06-26,Furniture,3806
2022-11-17,Furniture,3198
2022-03-01,Furniture,2699
2022-08-21,Furniture,3145
2022-11-18,Furniture,2170
2022-02-28,Furniture,1703
2022-06-27,Furniture,2459
2022-02-27,Furniture,2605
2022-11-16,Furniture,2630
2022-08-24,Furniture,2786
2022-03-08,Furniture,4617
2022-11-12,Furniture,2497
2022-11-05,Furniture,1430
2022-03-17,Furniture,2234
2022-06-18,Furniture,2776
2022-11-06,Furniture,2205
2022-03-16,Furniture,2660
2022-08-27,Furniture,1577
2022-03-15,Furniture,2076
2022-11-07,Furniture,2460
2022-06-19,Furniture,3356
2022-03-14,Furniture,3082
2022-11-08,Furniture,3717
2022-06-20,Furniture,2655
2022-03-13,Furniture,3449
2022-08-26,Furniture,2975
2022-11-09,Furniture,1677
2022-03-12,Furniture,2865
2022-06-21,Furniture,3219
2022-03-11,Furniture,2942
2022-11-10,Furniture,1745
2022-08-25,Furniture,2520
2022-03-10,Furniture,2229
2022-06-22,Furniture,4484
2022-03-09,Furniture,3548
2022-03-18,Furniture,2061
2022-09-05,Furniture,3572
2022-04-07,Furniture,1557
2022-10-20,Furniture,3517
2022-05-06,Furniture,2011
2022-09-29,Furniture,3022
2022-05-05,Furniture,2804
2022-05-23,Furniture,4090
2022-09-30,Furniture,3279
2022-09-16,Furniture,2162
2022-05-04,Furniture,2584
2022-10-01,Furniture,1408
2022-05-03,Furniture,2435
2022-05-24,Furniture,1584
2022-05-22,Furniture,2406
2022-05-02,Furniture,1787
2022-09-15,Furniture,3251
2022-05-01,Furniture,2194
2022-05-25,Furniture,2645
2022-10-03,Furniture,1530
2022-04-30,Furniture,3676
2022-09-14,Furniture,2001
2022-10-04,Furniture,2940
2022-04-29,Furniture,1960
2022-05-26,Furniture,2606
2022-04-28,Furniture,3435
2022-10-02,Furniture,4204
2022-09-17,Furniture,2045
2022-05-07,Furniture,2387
2022-09-28,Furniture,2155
2022-05-16,Furniture,4120
2022-05-17,Furniture,2589
2022-09-22,Furniture,3771
2022-05-15,Furniture,2842
2022-09-20,Furniture,2892
2022-05-14,Furniture,2272
2022-09-23,Furniture,2288
2022-05-18,Furniture,2129
2022-05-13,Furniture,2264
2022-09-24,Furniture,2713
2022-05-19,Furniture,2944
2022-05-12,Furniture,1987
2022-09-19,Furniture,3067
2022-09-25,Furniture,3470
2022-05-11,Furniture,1543
2022-05-20,Furniture,2380
2022-05-10,Furniture,2545
2022-09-26,Furniture,1249
2022-09-18,Furniture,2346
2022-05-09,Furniture,2423
2022-09-27,Furniture,1265
2022-05-21,Furniture,2979
2022-05-08,Furniture,3508
2022-10-05,Furniture,1363
2022-05-27,Furniture,2319
2022-04-27,Furniture,2194
2022-09-13,Furniture,2437
2022-04-16,Furniture,2995
2022-10-14,Furniture,3587
2022-06-02,Furniture,3245
2022-07-28,Furniture,1926
2022-10-15,Furniture,3753
2022-09-08,Furniture,3261
2022-04-14,Furniture,3391
2022-06-03,Furniture,2324
2022-10-16,Furniture,2085
2022-04-13,Furniture,1504
2022-06-04,Furniture,2451
2022-04-12,Furniture,2788
2022-10-17,Furniture,3824
2022-09-07,Furniture,2548
2022-04-11,Furniture,1728
2022-10-18,Furniture,2254
2022-06-05,Furniture,1868
2022-04-10,Furniture,2229
2022-09-06,Furniture,3634
2022-10-19,Furniture,4514
2022-04-09,Furniture,4193
2022-06-06,Furniture,1996
2022-04-08,Furniture,1575
2022-09-09,Furniture,3016
2022-11-19,Furniture,3028
2022-04-17,Furniture,2106
2022-06-01,Furniture,2420
2022-10-06,Furniture,1706
2022-04-26,Furniture,1955
2022-05-28,Furniture,2773
2022-10-07,Furniture,5551
2022-04-25,Furniture,1901
2022-09-12,Furniture,2382
2022-04-24,Furniture,3358
2022-10-08,Furniture,2484
2022-05-29,Furniture,3835
2022-04-23,Furniture,3199
2022-10-09,Furniture,2955
2022-04-22,Furniture,2747
2022-09-11,Furniture,3494
2022-05-30,Furniture,3068
2022-10-10,Furniture,1617
2022-04-21,Furniture,3289
2022-04-20,Furniture,2815
2022-10-11,Furniture,2782
2022-05-31,Furniture,2630
2022-09-10,Furniture,2132
2022-04-19,Furniture,2533
2022-10-12,Furniture,3601
2022-04-18,Furniture,4015
2022-10-13,Furniture,2516
2022-06-28,Furniture,2439
2022-11-11,Furniture,3001
2022-07-13,Furniture,2228
2022-07-14,Furniture,4173
2022-12-12,Furniture,3710
2022-01-27,Furniture,3155
2022-08-08,Furniture,3395
2022-01-26,Furniture,2550
2022-12-13,Furniture,3274
2022-07-15,Furniture,3128
2022-01-25,Furniture,3200
2022-12-14,Furniture,3683
2022-08-07,Furniture,2207
2022-01-24,Furniture,3122
2022-07-16,Furniture,3134
2022-12-15,Furniture,3106
2022-01-23,Furniture,3086
2022-01-22,Furniture,4224
2022-12-16,Furniture,2974
2022-08-06,Furniture,2165
2022-07-17,Furniture,1993
2022-01-21,Furniture,2321
2022-12-17,Furniture,3743
2022-01-20,Furniture,3472
2022-01-28,Furniture,3958
2022-07-18,Furniture,3579
2022-12-11,Furniture,4112
2022-01-29,Furniture,2341
2022-08-12,Furniture,2136
2022-12-05,Furniture,3989
2022-07-09,Furniture,1872
2022-02-05,Furniture,2123
2022-12-06,Furniture,3149
2022-02-04,Furniture,2507
2022-07-10,Furniture,1517
2022-08-11,Furniture,1821
2022-02-03,Furniture,2056
2022-12-07,Furniture,2469
2022-02-02,Furniture,1611
2022-07-11,Furniture,3541
2022-12-08,Furniture,3369
2022-02-01,Furniture,3586
2022-08-10,Furniture,2202
2022-12-09,Furniture,4529
2022-01-31,Furniture,2732
2022-07-12,Furniture,2147
2022-01-30,Furniture,2855
2022-12-10,Furniture,2356
2022-08-09,Furniture,2555
2022-02-26,Furniture,3376
2022-08-05,Furniture,1471
2022-12-18,Furniture,4093
2022-01-19,Furniture,2320
2022-12-26,Furniture,3345
2022-07-24,Furniture,2511
2022-01-08,Furniture,3346
2022-12-27,Furniture,1714
2022-01-07,Furniture,2729
2022-07-31,Furniture,2269
2022-07-25,Furniture,2122
2022-01-06,Furniture,4649
2022-12-28,Furniture,2420
2022-01-05,Furniture,2398
2022-07-26,Furniture,3035
2022-12-29,Furniture,3002
2022-07-30,Furniture,2503
2022-01-04,Furniture,2522
2022-12-30,Furniture,2671
2022-01-03,Furniture,1146
2022-07-27,Furniture,2258
2022-01-02,Furniture,2108
2022-12-31,Furniture,4001
2022-07-29,Furniture,2818
2022-01-01,Furniture,1738
2022-01-09,Furniture,1546
2022-08-01,Furniture,3831
2022-12-25,Furniture,2277
2022-01-10,Furniture,2799
2022-01-18,Furniture,3870
2022-12-19,Furniture,1668
2022-07-19,Furniture,3062
2022-01-17,Furniture,2136
2022-08-04,Furniture,2273
2022-12-20,Furniture,2570
2022-01-16,Furniture,3954
2022-07-20,Furniture,2142
2022-12-21,Furniture,2894
2022-01-15,Furniture,2860
2022-02-06,Furniture,2707
2022-08-03,Furniture,2232
2022-12-22,Furniture,1486
2022-07-21,Furniture,2760
2022-01-13,Furniture,3779
2022-12-23,Furniture,2764
2022-07-22,Furniture,2887
2022-01-12,Furniture,2218
2022-08-02,Furniture,2233
2022-12-24,Furniture,1281
2022-01-11,Furniture,3212
2022-07-23,Furniture,3643
2022-01-14,Furniture,1156
2022-12-04,Furniture,1464
2022-09-21,Furniture,2863
2022-07-08,Furniture,2562
2022-02-21,Furniture,2514
2022-11-29,Furniture,4223
2022-08-15,Furniture,2701
2022-11-23,Furniture,1750
2022-02-13,Furniture,1224
2022-07-05,Furniture,2100
2022-08-18,Furniture,3404
2022-11-30,Furniture,2560
2022-06-30,Furniture,3333
2022-02-12,Furniture,2823
2022-07-06,Furniture,1068
2022-11-22,Furniture,2969
2022-02-23,Furniture,3394
2022-02-11,Furniture,2150
2022-02-22,Furniture,3671
2022-07-01,Furniture,3258
2022-02-14,Furniture,2802
2022-07-04,Furniture,3499
2022-08-17,Furniture,2668
2022-11-26,Furniture,2756
2022-07-02,Furniture,1854
2022-02-17,Furniture,3275
2022-02-07,Furniture,2782
2022-07-03,Furniture,2377
2022-11-25,Furniture,2715
2022-11-27,Furniture,3263
2022-02-19,Furniture,3064
2022-02-16,Furniture,3915
2022-08-16,Furniture,3489
2022-02-15,Furniture,1789
2022-02-20,Furniture,2352
2022-11-24,Furniture,3508
2022-11-28,Furniture,3269
2022-12-01,Furniture,2810
2022-08-14,Furniture,3677
2022-02-18,Furniture,3174
2022-11-21,Furniture,2711
2022-08-19,Furniture,3249
2022-08-13,Furniture,3255
2022-02-10,Furniture,2759
2022-02-08,Furniture,2792
2022-06-29,Furniture,3175
2022-08-20,Furniture,2927
2022-02-09,Furniture,3559
2022-02-25,Furniture,2940
2022-12-03,Furniture,1900
2022-11-20,Furniture,2052
2022-07-07,Furniture,1823
2022-12-02,Furniture,1917
2022-02-24,Furniture,2070
2023-07-03,Groceries,2041
2022-07-27,Groceries,2306
2023-07-09,Groceries,2942
2023-06-13,Groceries,2533
2023-07-06,Groceries,2659
2023-08-09,Groceries,1504
2022-05-18,Groceries,3282
2022-05-25,Groceries,1666
2022-07-21,Groceries,3122
2022-07-01,Groceries,2373
2022-06-28,Groceries,2609
2023-08-08,Groceries,4183
2023-07-12,Groceries,2829
2023-08-17,Groceries,1665
2022-06-27,Groceries,2855
2023-06-14,Groceries,1653
2022-06-22,Groceries,3577
2022-05-17,Groceries,2645
2022-05-27,Groceries,3283
2022-07-20,Groceries,2616
2023-08-07,Groceries,2764
2023-06-07,Groceries,1902
2023-08-18,Groceries,1597
2023-06-15,Groceries,3169
2022-05-28,Groceries,2413
2022-05-26,Groceries,2472
2022-06-23,Groceries,3415
2023-08-10,Groceries,1967
2023-07-11,Groceries,3280
2022-05-20,Groceries,3424
2023-07-05,Groceries,2702
2022-05-21,Groceries,1519
2023-08-13,Groceries,3048
2022-06-25,Groceries,1909
2022-07-25,Groceries,2647
2023-06-10,Groceries,1421
2023-06-09,Groceries,3854
2022-07-24,Groceries,3166
2022-06-29,Groceries,3652
2023-08-15,Groceries,1676
2022-06-30,Groceries,2675
2022-05-22,Groceries,2509
2023-08-12,Groceries,2958
2023-08-16,Groceries,1564
2023-07-13,Groceries,2996
2023-07-10,Groceries,2355
2022-06-24,Groceries,4355
2022-05-19,Groceries,3798
2022-07-23,Groceries,2283
2023-07-08,Groceries,1821
2022-05-23,Groceries,2265
2023-08-11,Groceries,2298
2023-07-04,Groceries,3292
2023-06-12,Groceries,2948
2022-05-24,Groceries,3944
2022-07-26,Groceries,2725
2023-06-08,Groceries,1870
2022-07-22,Groceries,3350
2023-08-14,Groceries,2233
2022-06-26,Groceries,2856
2023-06-11,Groceries,2084
2023-08-04,Groceries,2714
2023-08-06,Groceries,1730
2023-07-19,Groceries,2590
2022-06-09,Groceries,2871
2022-07-11,Groceries,3014
2022-07-06,Groceries,3773
2023-07-26,Groceries,2319
2022-06-08,Groceries,3127
2023-06-23,Groceries,2111
2022-07-12,Groceries,2678
2022-06-16,Groceries,2365
2023-07-27,Groceries,2176
2022-06-07,Groceries,2782
2023-07-18,Groceries,4001
2023-06-22,Groceries,2591
2023-06-29,Groceries,3327
2023-07-28,Groceries,1953
2022-06-06,Groceries,2650
2022-06-17,Groceries,3180
2023-06-28,Groceries,1990
2022-07-13,Groceries,3172
2023-07-25,Groceries,1549
2023-06-24,Groceries,3359
2022-06-13,Groceries,2698
2022-07-08,Groceries,3113
2023-06-26,Groceries,2747
2023-07-22,Groceries,2481
2023-07-21,Groceries,2415
2023-06-27,Groceries,1961
2022-06-12,Groceries,1586
2022-06-14,Groceries,2578
2022-07-09,Groceries,4213
2023-07-23,Groceries,3457
2023-06-25,Groceries,2134
2022-06-11,Groceries,3643
2023-07-20,Groceries,2755
2022-07-07,Groceries,3127
2023-07-24,Groceries,1650
2022-06-10,Groceries,2748
2022-07-10,Groceries,2432
2022-06-15,Groceries,2012
2024-01-01,Groceries,2227
2023-07-29,Groceries,1882
2022-07-05,Groceries,3504
2023-07-01,Groceries,2094
2022-06-01,Groceries,2473
2023-08-03,Groceries,3127
2022-07-17,Groceries,2539
2022-05-31,Groceries,2670
2023-06-17,Groceries,1275
2022-06-20,Groceries,2078
2022-07-03,Groceries,3889
2022-05-30,Groceries,2281
2023-07-14,Groceries,3082
2022-07-18,Groceries,1776
2023-06-16,Groceries,4195
2023-07-02,Groceries,2206
2023-08-05,Groceries,2310
2022-05-29,Groceries,3436
2022-06-21,Groceries,3645
2022-07-19,Groceries,2788
2023-07-15,Groceries,3047
2023-06-21,Groceries,2639
2023-08-02,Groceries,2836
2022-07-16,Groceries,3127
2022-06-05,Groceries,4117
2023-07-17,Groceries,2095
2022-07-14,Groceries,1854
2023-07-30,Groceries,3366
2022-06-04,Groceries,2897
2022-06-18,Groceries,3061
2023-06-20,Groceries,4226
2023-06-30,Groceries,2490
2023-07-31,Groceries,2835
2022-07-15,Groceries,2940
2023-07-16,Groceries,2051
2022-06-03,Groceries,2835
2022-07-04,Groceries,2595
2023-06-19,Groceries,2604
2023-08-01,Groceries,2723
2022-06-02,Groceries,1759
2022-06-19,Groceries,4547
2023-06-18,Groceries,1930
2023-07-07,Groceries,3450
2023-01-01,Groceries,4296
2023-08-19,Groceries,2498
2023-11-13,Groceries,2153
2022-02-18,Groceries,3106
2023-11-14,Groceries,1848
2022-02-17,Groceries,3280
2023-11-15,Groceries,2456
2022-02-16,Groceries,5465
2023-11-16,Groceries,2767
2022-02-15,Groceries,2290
2023-11-17,Groceries,1522
2022-02-14,Groceries,1682
2023-11-18,Groceries,2501
2022-02-13,Groceries,2348
2023-11-19,Groceries,2383
2022-02-12,Groceries,3910
2022-02-19,Groceries,2092
2023-11-20,Groceries,3473
2023-11-21,Groceries,1425
2022-02-10,Groceries,2304
2023-11-22,Groceries,2822
2022-02-09,Groceries,1731
2023-11-23,Groceries,1815
2022-02-08,Groceries,3823
2023-11-24,Groceries,2612
2022-02-07,Groceries,2612
2023-11-25,Groceries,1367
2022-02-06,Groceries,2184
2023-11-26,Groceries,3162
2022-02-05,Groceries,2574
2023-11-27,Groceries,1851
2022-02-04,Groceries,1963
2022-02-11,Groceries,2787
2023-11-28,Groceries,3666
2023-11-12,Groceries,2563
2023-11-11,Groceries,2766
2023-10-27,Groceries,2949
2022-03-07,Groceries,1748
2023-10-28,Groceries,1124
2022-03-06,Groceries,3327
2023-10-29,Groceries,1820
2022-03-05,Groceries,2057
2023-10-30,Groceries,3221
2022-03-04,Groceries,3727
2023-10-31,Groceries,3000
2022-03-03,Groceries,2215
2023-11-01,Groceries,4341
2022-03-02,Groceries,2593
2023-11-02,Groceries,2399
2022-03-01,Groceries,3211
2022-02-20,Groceries,2702
2023-11-03,Groceries,2250
2023-11-04,Groceries,3999
2022-02-27,Groceries,2293
2023-11-05,Groceries,3523
2022-02-26,Groceries,2776
2023-11-06,Groceries,1911
2022-02-25,Groceries,2894
2023-11-07,Groceries,1921
2022-02-24,Groceries,3129
2023-11-08,Groceries,2709
2022-02-23,Groceries,2209
2023-11-09,Groceries,1883
2022-02-22,Groceries,2088
2023-11-10,Groceries,3102
2022-02-21,Groceries,2114
2022-02-28,Groceries,2372
2022-03-08,Groceries,2928
2022-02-03,Groceries,2013
2022-02-02,Groceries,2416
2023-12-17,Groceries,2773
2022-01-15,Groceries,2455
2023-12-18,Groceries,1718
2022-01-14,Groceries,3541
2023-12-19,Groceries,2564
2022-01-13,Groceries,2301
2023-12-20,Groceries,1912
2022-01-12,Groceries,1653
2023-12-21,Groceries,1253
2022-01-11,Groceries,2122
2023-12-22,Groceries,2646
2022-01-10,Groceries,2766
2023-12-23,Groceries,3729
2022-01-09,Groceries,1797
2022-01-16,Groceries,3391
2023-12-24,Groceries,2367
2023-12-25,Groceries,2075
2022-01-07,Groceries,2387
2023-12-26,Groceries,2509
2022-01-06,Groceries,1975
2023-12-27,Groceries,2240
2022-01-05,Groceries,2099
2023-12-28,Groceries,3745
2022-01-04,Groceries,2490
2023-12-29,Groceries,2546
2022-01-03,Groceries,3509
2023-12-30,Groceries,2503
2022-01-02,Groceries,2817
2023-12-31,Groceries,2540
2022-01-01,Groceries,3112
2022-01-08,Groceries,3862
2023-11-29,Groceries,2035
2023-12-16,Groceries,2691
2023-12-15,Groceries,2558
2023-11-30,Groceries,2107
2022-02-01,Groceries,2269
2023-12-01,Groceries,1371
2022-01-31,Groceries,2181
2023-12-02,Groceries,1857
2022-01-30,Groceries,3303
2023-12-03,Groceries,2392
2022-01-29,Groceries,2721
2023-12-04,Groceries,2842
2022-01-28,Groceries,2822
2023-12-05,Groceries,2353
2022-01-27,Groceries,2521
2023-12-06,Groceries,3529
2022-01-26,Groceries,3254
2022-01-17,Groceries,3317
2023-12-07,Groceries,2747
2023-12-08,Groceries,3058
2022-01-24,Groceries,1351
2023-12-09,Groceries,1662
2022-01-23,Groceries,2063
2023-12-10,Groceries,2981
2022-01-22,Groceries,2353
2023-12-11,Groceries,2351
2022-01-21,Groceries,1800
2023-12-12,Groceries,3239
2022-01-20,Groceries,2269
2023-12-13,Groceries,4087
2022-01-19,Groceries,3941
2023-12-14,Groceries,2731
2022-01-18,Groceries,3120
2022-01-25,Groceries,2846
2023-10-26,Groceries,2364
2022-03-09,Groceries,3554
2023-10-25,Groceries,3212
2022-04-28,Groceries,2162
2023-09-06,Groceries,2580
2022-04-27,Groceries,2473
2023-09-07,Groceries,1636
2022-04-26,Groceries,2929
2023-09-08,Groceries,3218
2022-04-25,Groceries,1950
2023-09-09,Groceries,3744
2022-04-24,Groceries,2415
2023-09-10,Groceries,1618
2022-04-23,Groceries,1054
2023-09-11,Groceries,3199
2022-04-22,Groceries,1803
2023-09-12,Groceries,3293
2023-09-05,Groceries,2809
2022-04-21,Groceries,2131
2022-04-20,Groceries,3156
2023-09-14,Groceries,2187
2022-04-19,Groceries,2907
2023-09-15,Groceries,2534
2022-04-18,Groceries,2887
2023-09-16,Groceries,2535
2022-04-17,Groceries,3061
2023-09-17,Groceries,1862
2022-04-16,Groceries,3658
2023-09-18,Groceries,2323
2022-04-15,Groceries,3305
2023-09-19,Groceries,3028
2022-04-14,Groceries,1805
2023-09-20,Groceries,2441
2023-09-13,Groceries,2941
2022-04-13,Groceries,3399
2022-04-29,Groceries,2346
2022-04-30,Groceries,3268
2022-05-15,Groceries,2549
2023-08-20,Groceries,3538
2022-05-14,Groceries,3021
2023-08-21,Groceries,2606
2022-05-13,Groceries,2652
2023-08-22,Groceries,1607
2022-05-12,Groceries,2767
2023-08-23,Groceries,2749
2022-05-11,Groceries,3549
2023-08-24,Groceries,2389
2022-05-10,Groceries,3224
2023-08-25,Groceries,3247
2022-05-09,Groceries,4193
2023-08-26,Groceries,3890
2023-09-04,Groceries,1520
2022-05-08,Groceries,3627
2022-05-07,Groceries,3390
2023-08-28,Groceries,1553
2022-05-06,Groceries,3520
2023-08-29,Groceries,1986
2022-05-05,Groceries,3298
2023-08-30,Groceries,2036
2022-05-04,Groceries,2654
2023-08-31,Groceries,1995
2022-05-03,Groceries,2710
2023-09-01,Groceries,3749
2022-05-02,Groceries,2540
2023-09-02,Groceries,4092
2022-05-01,Groceries,3148
2023-09-03,Groceries,3020
2023-08-27,Groceries,2384
2023-09-21,Groceries,2697
2022-04-12,Groceries,3983
2023-09-22,Groceries,1564
2023-10-10,Groceries,2764
2022-03-24,Groceries,2185
2023-10-11,Groceries,3343
2022-03-23,Groceries,2867
2023-10-12,Groceries,3771
2022-03-22,Groceries,3275
2023-10-13,Groceries,2717
2022-03-21,Groceries,3966
2023-10-14,Groceries,2275
2022-03-20,Groceries,2957
2023-10-15,Groceries,2759
2022-03-19,Groceries,2662
2023-10-16,Groceries,2298
2022-03-18,Groceries,2852
2022-03-25,Groceries,4820
2023-10-17,Groceries,4484
2023-10-18,Groceries,2382
2022-03-16,Groceries,2851
2023-10-19,Groceries,2694
2022-03-15,Groceries,3141
2023-10-20,Groceries,2626
2022-03-14,Groceries,2910
2023-10-21,Groceries,2381
2022-03-13,Groceries,2143
2023-10-22,Groceries,2630
2022-03-12,Groceries,2425
2023-10-23,Groceries,2929
2022-03-11,Groceries,3217
2023-10-24,Groceries,3385
2022-03-10,Groceries,3804
2022-03-17,Groceries,2865
2023-10-09,Groceries,2429
2022-03-26,Groceries,3708
2023-10-08,Groceries,3965
2022-04-11,Groceries,4035
2023-09-23,Groceries,2220
2022-04-10,Groceries,2174
2023-09-24,Groceries,4148
2022-04-09,Groceries,2653
2023-09-25,Groceries,1905
2022-04-08,Groceries,3454
2023-09-26,Groceries,3113
2022-04-07,Groceries,4190
2023-09-27,Groceries,1928
2022-04-06,Groceries,2867
2023-09-28,Groceries,2093
2022-04-05,Groceries,2202
2023-09-29,Groceries,2945
2022-04-04,Groceries,3219
2023-09-30,Groceries,3312
2022-04-03,Groceries,3108
2022-03-27,Groceries,3825
2023-10-07,Groceries,3084
2022-03-28,Groceries,1386
2023-10-06,Groceries,4028
2022-03-29,Groceries,4134
2023-10-05,Groceries,2018
2022-05-16,Groceries,2572
2022-03-30,Groceries,3765
2022-03-31,Groceries,2145
2023-10-03,Groceries,1898
2022-04-01,Groceries,2113
2023-10-02,Groceries,4340
2022-04-02,Groceries,2827
2023-10-01,Groceries,2496
2023-10-04,Groceries,2964
2022-07-28,Groceries,3683
2022-07-02,Groceries,3302
2023-03-20,Groceries,3352
2023-04-28,Groceries,1840
2022-11-11,Groceries,1860
2023-01-28,Groceries,3279
2022-10-09,Groceries,2474
2022-09-05,Groceries,2758
2023-04-29,Groceries,2274
2022-12-05,Groceries,863
2023-02-21,Groceries,2419
2023-03-26,Groceries,2129
2022-09-04,Groceries,3004
2023-03-25,Groceries,3388
2023-01-27,Groceries,3094
2022-12-06,Groceries,4064
2022-09-03,Groceries,2469
2022-10-10,Groceries,3611
2023-05-01,Groceries,3239
2022-11-10,Groceries,3809
2023-01-26,Groceries,2692
2023-04-30,Groceries,2048
2022-12-07,Groceries,1662
2022-09-06,Groceries,2410
2023-01-29,Groceries,3008
2022-09-10,Groceries,3172
2023-04-24,Groceries,3051
2023-03-28,Groceries,4131
2023-01-31,Groceries,2314
2022-10-07,Groceries,2870
2022-09-09,Groceries,3543
2022-12-02,Groceries,2651
2023-04-25,Groceries,2140
2022-12-04,Groceries,2792
2022-11-12,Groceries,1612
2023-03-27,Groceries,3044
2022-09-08,Groceries,1905
2023-04-26,Groceries,3351
2023-01-30,Groceries,2573
2022-12-03,Groceries,2568
2022-10-08,Groceries,2536
2022-09-07,Groceries,3702
2023-04-27,Groceries,3247
2023-02-20,Groceries,1850
2023-02-19,Groceries,2562
2022-09-02,Groceries,3640
2023-02-22,Groceries,3787
2022-10-13,Groceries,1954
2022-11-08,Groceries,1760
2023-05-07,Groceries,2304
2023-01-22,Groceries,3105
2022-12-11,Groceries,2488
2022-08-27,Groceries,4259
2023-05-08,Groceries,2106
2023-02-24,Groceries,3813
2022-08-28,Groceries,4231
2023-03-21,Groceries,2790
2022-08-26,Groceries,2239
2023-05-09,Groceries,2154
2023-01-21,Groceries,2521
2022-12-12,Groceries,3045
2022-08-25,Groceries,3793
2022-11-07,Groceries,3820
2023-05-10,Groceries,2794
2023-01-20,Groceries,3537
2022-10-14,Groceries,2695
2023-05-02,Groceries,2044
2023-04-06,Groceries,2082
2023-01-23,Groceries,4534
2023-03-24,Groceries,3299
2022-10-11,Groceries,2528
2022-09-01,Groceries,3015
2023-05-03,Groceries,3212
2023-01-25,Groceries,2917
2022-12-08,Groceries,2467
2022-08-31,Groceries,2582
2023-03-23,Groceries,2873
2022-12-10,Groceries,2348
2023-05-04,Groceries,3312
2023-02-23,Groceries,2420
2023-01-24,Groceries,2506
2022-12-09,Groceries,1665
2022-08-30,Groceries,3075
2023-05-05,Groceries,4668
2022-10-12,Groceries,2455
2022-08-29,Groceries,3359
2023-05-06,Groceries,1729
2022-11-09,Groceries,2037
2022-12-01,Groceries,2788
2023-02-01,Groceries,2689
2023-04-23,Groceries,1785
2022-11-17,Groceries,4404
2022-09-23,Groceries,2434
2023-04-11,Groceries,3916
2023-02-15,Groceries,2321
2023-02-09,Groceries,1921
2023-04-03,Groceries,2278
2022-09-22,Groceries,2111
2023-04-12,Groceries,2767
2022-11-22,Groceries,1154
2022-10-01,Groceries,1913
2022-09-21,Groceries,2892
2023-04-13,Groceries,2795
2023-02-08,Groceries,3960
2022-11-24,Groceries,2473
2023-04-02,Groceries,3150
2022-10-02,Groceries,2489
2022-09-20,Groceries,2836
2023-04-14,Groceries,2148
2022-11-23,Groceries,3142
2022-11-16,Groceries,3715
2023-02-10,Groceries,3411
2022-09-30,Groceries,3615
2023-02-13,Groceries,4685
2022-11-19,Groceries,2721
2022-09-27,Groceries,2329
2023-04-07,Groceries,3511
2023-02-12,Groceries,2063
2023-04-05,Groceries,1908
2022-09-29,Groceries,2524
2022-11-20,Groceries,3923
2023-04-10,Groceries,2211
2022-09-26,Groceries,4055
2022-11-18,Groceries,2535
2023-02-14,Groceries,3954
2022-09-25,Groceries,2378
2023-04-09,Groceries,3169
2023-02-11,Groceries,2792
2022-11-21,Groceries,2434
2023-04-04,Groceries,2057
2022-09-24,Groceries,2494
2023-04-08,Groceries,3150
2023-02-16,Groceries,1900
2023-02-07,Groceries,3424
2022-11-25,Groceries,2507
2023-03-30,Groceries,3242
2022-10-05,Groceries,2162
2022-09-14,Groceries,2898
2023-04-20,Groceries,2270
2023-02-03,Groceries,2370
2023-02-18,Groceries,3134
2022-11-29,Groceries,2691
2022-09-13,Groceries,3774
2022-11-14,Groceries,4188
2023-04-21,Groceries,2648
2022-10-28,Groceries,2164
2022-09-12,Groceries,3560
2023-02-02,Groceries,2000
2022-11-30,Groceries,2307
2023-04-22,Groceries,2959
2022-10-06,Groceries,1965
2022-11-13,Groceries,2565
2022-09-11,Groceries,3624
2023-03-29,Groceries,2287
2023-04-19,Groceries,1960
2022-11-28,Groceries,2253
2023-02-04,Groceries,2927
2022-09-19,Groceries,3021
2023-04-15,Groceries,3080
2023-04-01,Groceries,2397
2022-09-18,Groceries,2989
2023-02-06,Groceries,2497
2023-04-16,Groceries,2969
2022-10-03,Groceries,3262
2022-11-26,Groceries,3620
2022-11-15,Groceries,1948
2023-02-17,Groceries,3219
2022-09-17,Groceries,3214
2023-04-17,Groceries,1882
2023-02-05,Groceries,2748
2022-11-27,Groceries,2351
2022-09-16,Groceries,2497
2023-04-18,Groceries,2677
2023-03-31,Groceries,3487
2022-10-04,Groceries,3041
2022-09-15,Groceries,2245
2022-12-13,Groceries,2652
2023-02-25,Groceries,3380
2023-03-22,Groceries,2782
2022-11-02,Groceries,3756
2023-03-02,Groceries,2276
2022-08-09,Groceries,2912
2023-05-26,Groceries,2710
2023-01-09,Groceries,4353
2022-12-24,Groceries,2198
2023-03-12,Groceries,3499
2022-08-08,Groceries,2427
2023-05-27,Groceries,2725
2022-10-23,Groceries,4355
2023-01-08,Groceries,2682
2022-12-25,Groceries,3538
2022-08-07,Groceries,2421
2022-11-01,Groceries,2440
2023-03-03,Groceries,3182
2023-05-28,Groceries,2154
2023-03-11,Groceries,1625
2023-01-07,Groceries,2461
2022-10-22,Groceries,3014
2023-05-25,Groceries,3528
2022-12-23,Groceries,2255
2023-03-13,Groceries,2240
2022-10-20,Groceries,2645
2022-11-03,Groceries,2196
2023-03-01,Groceries,3825
2022-08-13,Groceries,2515
2023-01-12,Groceries,3758
2022-12-21,Groceries,2095
2023-05-22,Groceries,1633
2023-03-14,Groceries,1562
2022-08-06,Groceries,1904
2022-08-12,Groceries,1059
2023-01-11,Groceries,2277
2022-12-22,Groceries,3478
2022-10-21,Groceries,1766
2022-08-11,Groceries,2476
2023-05-24,Groceries,3038
2022-08-24,Groceries,2488
2023-01-10,Groceries,2929
2022-08-10,Groceries,2085
2023-05-23,Groceries,2157
2023-05-21,Groceries,3631
2023-05-29,Groceries,3224
2022-10-24,Groceries,3936
2023-03-05,Groceries,2536
2023-06-03,Groceries,3463
2023-03-08,Groceries,1827
2023-01-03,Groceries,2857
2022-12-30,Groceries,2719
2022-07-31,Groceries,3020
2023-06-04,Groceries,2605
2022-10-27,Groceries,3119
2022-07-30,Groceries,1709
2023-06-05,Groceries,3120
2023-01-02,Groceries,3942
2022-12-31,Groceries,1485
2022-10-29,Groceries,2574
2023-03-06,Groceries,2049
2022-07-29,Groceries,2084
2023-03-07,Groceries,3421
2023-06-06,Groceries,3101
2022-08-01,Groceries,2537
2022-12-29,Groceries,921
2022-10-26,Groceries,2271
2023-01-04,Groceries,2524
2022-08-05,Groceries,4089
2023-05-30,Groceries,3420
2022-10-31,Groceries,2277
2023-03-04,Groceries,3235
2023-01-06,Groceries,2291
2022-12-27,Groceries,1344
2022-08-04,Groceries,2149
2023-03-10,Groceries,2899
2022-12-26,Groceries,3179
2023-05-31,Groceries,2732
2023-01-05,Groceries,2733
2022-12-28,Groceries,2809
2022-08-03,Groceries,2408
2023-06-01,Groceries,3300
2022-10-30,Groceries,2438
2023-03-09,Groceries,2370
2022-08-02,Groceries,2429
2023-06-02,Groceries,2557
2022-10-25,Groceries,4841
2022-08-14,Groceries,1491
2022-09-28,Groceries,2611
2022-08-19,Groceries,2665
2022-11-06,Groceries,2926
2023-03-19,Groceries,3358
2023-05-18,Groceries,3547
2022-08-17,Groceries,2464
2022-10-16,Groceries,2492
2022-12-18,Groceries,1224
2023-01-15,Groceries,2632
2022-10-18,Groceries,3056
2023-02-26,Groceries,2044
2023-05-13,Groceries,4011
2023-05-17,Groceries,4368
2022-08-18,Groceries,3168
2023-01-18,Groceries,2483
2022-12-14,Groceries,2878
2023-02-27,Groceries,1792
2022-12-17,Groceries,1360
2023-03-17,Groceries,4210
2023-05-16,Groceries,2739
2023-01-16,Groceries,2927
2022-12-20,Groceries,1991
2022-08-21,Groceries,3506
2023-05-14,Groceries,2737
2022-11-05,Groceries,1992
2022-10-17,Groceries,2430
2023-05-15,Groceries,2866
2023-03-18,Groceries,1696
2023-01-17,Groceries,2639
2022-12-16,Groceries,2240
2022-12-15,Groceries,1951
2022-11-04,Groceries,3149
2022-08-22,Groceries,1666
2023-03-16,Groceries,2111
2023-03-15,Groceries,2192
2023-05-11,Groceries,2435
2022-10-15,Groceries,3266
2023-01-13,Groceries,2638
2023-05-20,Groceries,2388
2022-08-15,Groceries,2807
2023-01-19,Groceries,3406
2023-02-28,Groceries,4427
2022-08-23,Groceries,1634
2022-10-19,Groceries,3676
2023-05-19,Groceries,4339
2023-05-12,Groceries,2295
2022-08-20,Groceries,2395
2022-12-19,Groceries,3596
2022-08-16,Groceries,2475
2023-01-14,Groceries,3390
2022-03-02,Toys,2999
2023-11-01,Toys,2670
2023-03-04,Toys,3549
2022-11-17,Toys,2373
2023-02-24,Toys,2023
2023-11-04,Toys,2135
2023-02-14,Toys,2907
2023-03-06,Toys,3351
2023-02-26,Toys,3580
2022-11-08,Toys,2667
2023-10-10,Toys,2444
2022-02-27,Toys,2902
2023-02-13,Toys,2546
2022-03-26,Toys,2206
2022-11-06,Toys,2372
2022-10-30,Toys,1515
2022-11-18,Toys,3625
2022-11-16,Toys,2912
2023-02-15,Toys,2175
2022-03-24,Toys,3544
2022-03-01,Toys,3126
2023-03-05,Toys,3381
2023-10-08,Toys,1458
2022-11-07,Toys,1786
2022-03-14,Toys,1726
2023-11-02,Toys,3715
2022-02-28,Toys,2604
2022-03-25,Toys,1301
2023-10-20,Toys,5059
2023-10-21,Toys,1892
2023-11-03,Toys,1630
2022-10-29,Toys,1518
2023-10-19,Toys,2560
2022-03-16,Toys,3772
2023-10-18,Toys,2855
2022-03-15,Toys,1184
2023-10-09,Toys,3492
2022-03-13,Toys,3774
2022-11-11,Toys,2047
2023-10-22,Toys,2975
2023-10-24,Toys,1647
2022-03-06,Toys,3477
2023-10-28,Toys,4174
2023-10-16,Toys,2239
2022-03-10,Toys,2767
2023-10-13,Toys,2352
2022-03-21,Toys,3109
2023-02-19,Toys,3203
2022-11-02,Toys,3276
2022-03-07,Toys,4367
2022-11-10,Toys,2598
2023-10-27,Toys,2916
2022-03-18,Toys,3717
2023-02-21,Toys,2360
2022-11-12,Toys,2600
2023-10-14,Toys,1795
2022-03-20,Toys,3266
2023-02-28,Toys,2693
2023-10-25,Toys,1817
2022-03-19,Toys,1590
2022-03-08,Toys,2380
2022-11-03,Toys,2481
2023-10-26,Toys,2631
2023-02-20,Toys,2801
2022-03-09,Toys,3316
2023-10-15,Toys,2542
2023-03-01,Toys,1922
2023-03-02,Toys,3618
2022-11-01,Toys,2717
2022-11-13,Toys,2257
2023-02-16,Toys,2689
2022-03-03,Toys,2677
2022-03-12,Toys,4364
2023-10-31,Toys,2288
2022-11-15,Toys,2498
2022-11-05,Toys,3860
2022-10-31,Toys,3193
2022-03-17,Toys,2311
2023-10-11,Toys,1429
2022-03-04,Toys,2476
2023-10-30,Toys,3841
2022-03-23,Toys,2737
2023-10-17,Toys,2117
2023-03-03,Toys,2526
2022-11-09,Toys,3565
2023-02-17,Toys,2809
2022-11-14,Toys,2712
2023-10-23,Toys,2170
2022-03-11,Toys,2058
2023-10-12,Toys,2237
2022-03-05,Toys,2861
2023-02-27,Toys,3986
2023-02-22,Toys,1993
2022-03-22,Toys,1263
2023-10-29,Toys,3451
2022-11-04,Toys,2826
2023-02-18,Toys,2442
2023-02-23,Toys,3535
2023-02-25,Toys,2735
2022-02-12,Toys,1865
2022-02-26,Toys,2562
2023-01-16,Toys,2541
2023-12-12,Toys,1814
2022-01-20,Toys,4437
2022-12-17,Toys,2176
2023-01-15,Toys,3430
2023-12-13,Toys,2634
2022-01-19,Toys,2560
2022-12-18,Toys,2098
2023-12-14,Toys,3745
2022-01-18,Toys,1855
2023-01-14,Toys,2010
2023-12-15,Toys,1623
2022-01-17,Toys,1941
2022-12-19,Toys,2750
2023-01-13,Toys,3555
2023-12-16,Toys,2255
2022-01-16,Toys,2162
2022-12-20,Toys,3303
2023-01-12,Toys,2810
2023-12-17,Toys,2100
2022-01-15,Toys,3188
2022-12-16,Toys,2843
2022-12-21,Toys,2203
2022-01-21,Toys,1834
2023-01-17,Toys,2840
2022-12-11,Toys,2204
2023-01-21,Toys,2754
2023-12-05,Toys,2835
2022-01-27,Toys,2440
2022-12-12,Toys,2282
2023-12-06,Toys,3217
2022-01-26,Toys,2967
2023-01-20,Toys,1657
2023-12-07,Toys,1656
2022-01-25,Toys,2180
2022-12-13,Toys,2144
2023-01-19,Toys,1702
2023-12-08,Toys,1543
2022-01-24,Toys,1701
2022-12-14,Toys,3085
2023-01-18,Toys,4919
2023-12-09,Toys,2175
2022-01-23,Toys,2797
2022-12-15,Toys,2677
2023-12-10,Toys,2408
2022-01-22,Toys,2324
2023-12-11,Toys,3146
2022-01-28,Toys,2240
2023-12-18,Toys,3447
2023-01-11,Toys,2797
2023-12-26,Toys,3740
2022-01-06,Toys,2411
2023-01-05,Toys,2780
2023-12-27,Toys,3198
2022-01-05,Toys,4033
2022-12-28,Toys,2336
2023-01-04,Toys,1987
2023-12-28,Toys,3208
2022-01-04,Toys,3994
2022-12-29,Toys,4416
2023-01-03,Toys,3778
2023-12-29,Toys,3001
2022-01-03,Toys,3163
2022-12-30,Toys,3023
2023-12-30,Toys,2862
2022-01-02,Toys,3609
2023-01-02,Toys,2828
2023-12-31,Toys,2338
2022-01-01,Toys,2410
2022-12-31,Toys,3075
2023-01-01,Toys,3157
2022-12-27,Toys,3227
2022-01-14,Toys,3535
2022-01-07,Toys,1979
2023-01-06,Toys,3540
2023-12-19,Toys,1947
2022-01-13,Toys,3024
2022-12-22,Toys,3048
2023-01-10,Toys,2341
2023-12-20,Toys,2808
2022-01-12,Toys,2208
2022-12-23,Toys,3173
2023-01-09,Toys,2450
2023-12-21,Toys,3450
2022-01-11,Toys,2841
2022-12-24,Toys,2288
2023-12-22,Toys,2680
2022-01-10,Toys,2269
2023-01-08,Toys,3929
2023-12-23,Toys,2025
2022-01-09,Toys,3378
2022-12-25,Toys,1172
2023-01-07,Toys,2538
2023-12-24,Toys,2785
2022-01-08,Toys,1928
2022-12-26,Toys,3605
2023-12-25,Toys,2334
2023-12-04,Toys,2972
2023-01-22,Toys,2346
2022-12-10,Toys,1671
2023-02-07,Toys,1977
2023-11-13,Toys,2466
2022-02-18,Toys,3426
2022-11-25,Toys,1986
2023-02-06,Toys,2283
2023-11-14,Toys,2632
2022-02-17,Toys,2169
2022-11-26,Toys,3901
2023-02-05,Toys,2502
2023-11-15,Toys,3953
2022-02-16,Toys,2660
2022-11-27,Toys,2385
2023-11-16,Toys,2104
2022-02-15,Toys,2336
2023-02-04,Toys,1893
2023-11-17,Toys,1527
2022-02-14,Toys,3359
2022-11-28,Toys,1624
2023-02-03,Toys,2787
2023-11-18,Toys,2890
2022-02-13,Toys,2163
2022-02-19,Toys,1674
2022-11-29,Toys,1998
2023-11-12,Toys,2697
2022-02-20,Toys,3155
2022-11-19,Toys,3695
2023-02-12,Toys,3811
2023-11-06,Toys,2674
2022-02-25,Toys,1784
2022-11-20,Toys,3659
2023-02-11,Toys,4529
2023-11-07,Toys,2302
2022-02-24,Toys,2828
2022-11-21,Toys,3051
2023-11-08,Toys,3222
2022-02-23,Toys,2771
2023-02-10,Toys,3273
2023-11-09,Toys,3294
2022-02-22,Toys,2472
2022-11-22,Toys,3868
2023-02-09,Toys,2206
2023-11-10,Toys,2760
2022-02-21,Toys,2463
2022-11-23,Toys,3491
2023-02-08,Toys,4000
2023-11-11,Toys,2453
2022-11-24,Toys,2668
2023-02-02,Toys,2194
2023-11-19,Toys,1700
2022-11-30,Toys,3181
2022-02-04,Toys,2646
2022-12-06,Toys,2209
2023-11-28,Toys,2799
2022-02-03,Toys,2489
2023-01-26,Toys,2650
2023-11-29,Toys,2520
2022-02-02,Toys,3596
2022-12-07,Toys,2750
2023-01-25,Toys,2844
2023-11-30,Toys,3116
2022-02-01,Toys,2756
2022-12-08,Toys,1806
2023-01-24,Toys,2732
2023-12-01,Toys,1644
2022-01-31,Toys,2397
2022-12-09,Toys,1564
2023-12-02,Toys,3561
2022-01-30,Toys,2167
2023-01-23,Toys,3143
2023-12-03,Toys,3372
2022-01-29,Toys,2349
2023-11-27,Toys,2090
2023-01-27,Toys,2414
2022-12-05,Toys,3349
2022-02-05,Toys,3311
2023-11-20,Toys,2829
2022-02-11,Toys,5266
2023-02-01,Toys,2603
2023-11-21,Toys,3946
2022-02-10,Toys,3019
2022-12-01,Toys,3312
2023-01-31,Toys,3564
2023-11-22,Toys,2766
2022-02-09,Toys,4544
2022-12-02,Toys,3922
2023-11-05,Toys,2751
2023-01-30,Toys,1517
2022-02-08,Toys,2911
2022-12-03,Toys,3158
2023-11-24,Toys,2390
2022-02-07,Toys,2089
2023-01-29,Toys,2388
2023-11-25,Toys,3420
2022-02-06,Toys,3591
2022-12-04,Toys,2072
2023-01-28,Toys,3484
2023-11-26,Toys,3431
2023-11-23,Toys,3628
2022-03-27,Toys,2711
2023-06-06,Toys,2840
2022-10-28,Toys,2034
2023-05-08,Toys,3887
2023-07-16,Toys,2836
2022-06-18,Toys,3102
2022-08-27,Toys,2927
2023-05-07,Toys,2156
2023-07-17,Toys,3439
2022-06-17,Toys,3422
2022-08-28,Toys,2954
2023-05-06,Toys,2667
2023-07-18,Toys,3929
2022-06-19,Toys,2020
2022-06-16,Toys,3237
2023-07-19,Toys,3957
2022-06-15,Toys,3710
2023-05-05,Toys,2469
2023-07-20,Toys,1894
2022-06-14,Toys,3171
2022-08-30,Toys,2161
2023-05-04,Toys,2667
2023-07-21,Toys,2586
2022-06-13,Toys,3266
2022-08-31,Toys,1693
2022-08-29,Toys,2442
2023-07-15,Toys,1447
2022-08-26,Toys,2215
2022-06-20,Toys,2418
2023-07-08,Toys,2448
2022-06-26,Toys,2920
2022-08-21,Toys,1183
2023-05-13,Toys,2214
2023-07-09,Toys,1821
2022-06-25,Toys,1855
2022-08-22,Toys,1444
2023-05-12,Toys,1139
2023-07-10,Toys,2324
2022-06-24,Toys,2350
2022-08-23,Toys,2393
2023-07-11,Toys,2760
2022-06-23,Toys,2407
2023-05-11,Toys,3973
2023-07-12,Toys,4148
2022-06-22,Toys,1811
2022-08-24,Toys,3290
2023-05-10,Toys,3195
2023-07-13,Toys,2822
2022-06-21,Toys,2985
2022-08-25,Toys,2488
2023-05-09,Toys,2558
2023-07-14,Toys,3907
2023-05-03,Toys,3598
2023-07-22,Toys,3829
2022-06-12,Toys,2825
2022-09-01,Toys,2187
2022-09-07,Toys,1725
2023-07-31,Toys,2792
2022-06-03,Toys,2581
2023-04-26,Toys,2200
2023-08-01,Toys,1652
2022-06-02,Toys,3780
2022-09-08,Toys,3175
2023-04-25,Toys,2976
2023-08-02,Toys,1987
2022-06-01,Toys,3653
2022-09-09,Toys,2053
2023-04-24,Toys,4098
2023-08-03,Toys,2305
2022-05-31,Toys,2004
2022-09-10,Toys,2539
2023-08-04,Toys,1981
2022-05-30,Toys,2740
2023-04-23,Toys,2673
2023-08-05,Toys,3110
2022-05-29,Toys,1600
2022-09-11,Toys,2684
2023-04-22,Toys,1900
2023-08-06,Toys,2214
2022-06-04,Toys,3560
2023-05-14,Toys,2389
2023-07-30,Toys,2463
2022-09-06,Toys,1789
2023-07-23,Toys,3791
2022-06-11,Toys,3510
2023-05-02,Toys,3473
2023-07-24,Toys,3746
2022-06-10,Toys,2964
2022-09-02,Toys,1897
2023-05-01,Toys,3343
2023-07-25,Toys,3146
2022-06-09,Toys,2015
2022-09-03,Toys,3208
2023-04-30,Toys,2512
2023-07-26,Toys,3114
2022-06-08,Toys,2022
2022-09-04,Toys,2010
2023-07-27,Toys,1877
2022-06-07,Toys,2847
2023-04-29,Toys,2993
2023-07-28,Toys,3137
2022-06-06,Toys,2958
2022-09-05,Toys,3062
2023-04-28,Toys,3057
2023-07-29,Toys,3710
2022-06-05,Toys,1752
2023-04-27,Toys,2727
2022-06-27,Toys,2922
2023-07-07,Toys,1077
2022-08-20,Toys,3171
2023-05-31,Toys,2085
2023-06-15,Toys,2436
2022-07-19,Toys,2750
2022-08-04,Toys,4363
2023-05-30,Toys,2403
2023-06-16,Toys,1975
2022-07-18,Toys,2994
2022-08-05,Toys,3916
2023-06-17,Toys,2417
2022-07-17,Toys,4076
2023-05-29,Toys,2789
2023-06-18,Toys,2267
2022-07-16,Toys,3882
2022-08-06,Toys,2752
2023-05-28,Toys,2914
2023-06-19,Toys,2412
2022-07-15,Toys,2125
2022-08-07,Toys,2835
2023-05-27,Toys,4029
2023-06-20,Toys,1625
2022-07-14,Toys,3369
2022-08-08,Toys,2965
2023-06-21,Toys,2071
2022-08-03,Toys,3045
2022-07-13,Toys,2030
2022-07-20,Toys,2628
2023-06-01,Toys,2098
2023-06-07,Toys,1540
2022-07-27,Toys,3681
2022-07-29,Toys,2912
2023-06-05,Toys,2850
2023-06-08,Toys,2175
2022-07-26,Toys,1944
2022-07-30,Toys,2156
2023-06-09,Toys,713
2022-07-25,Toys,2261
2023-06-04,Toys,2773
2023-06-10,Toys,2306
2022-07-24,Toys,2417
2022-07-31,Toys,2367
2023-06-03,Toys,1339
2023-06-11,Toys,2422
2022-07-23,Toys,2985
2022-08-01,Toys,1781
2023-06-02,Toys,2459
2023-06-12,Toys,2394
2022-07-22,Toys,2198
2022-08-02,Toys,3427
2023-06-13,Toys,2153
2022-07-21,Toys,3370
2023-06-14,Toys,2286
2022-05-28,Toys,1986
2023-05-26,Toys,2512
2022-07-12,Toys,2049
2022-07-04,Toys,2937
2022-08-15,Toys,3672
2023-05-19,Toys,1908
2023-07-01,Toys,3932
2022-07-03,Toys,1313
2022-08-16,Toys,2547
2023-05-18,Toys,2594
2023-07-02,Toys,2801
2022-07-02,Toys,1840
2022-08-17,Toys,3742
2023-07-03,Toys,3555
2022-07-01,Toys,3103
2023-05-17,Toys,2192
2023-07-04,Toys,2120
2022-06-30,Toys,3237
2022-08-18,Toys,2332
2023-05-16,Toys,2128
2023-07-05,Toys,2397
2022-06-29,Toys,3068
2022-08-19,Toys,3447
2023-05-15,Toys,2766
2023-07-06,Toys,2475
2022-06-28,Toys,1765
2023-06-30,Toys,3319
2023-06-22,Toys,3070
2023-05-20,Toys,3079
2023-06-29,Toys,2237
2022-08-09,Toys,2344
2023-05-25,Toys,2372
2023-06-23,Toys,2296
2022-07-11,Toys,2737
2022-08-10,Toys,4974
2023-05-24,Toys,2251
2023-06-24,Toys,2783
2022-07-10,Toys,2879
2022-08-11,Toys,1959
2023-06-25,Toys,3260
2022-07-09,Toys,2627
2023-05-23,Toys,2628
2023-06-26,Toys,3794
2022-07-08,Toys,3360
2022-08-12,Toys,5063
2023-05-22,Toys,2955
2023-06-27,Toys,3616
2022-07-07,Toys,2491
2022-08-13,Toys,2884
2023-05-21,Toys,1801
2023-06-28,Toys,2631
2022-07-06,Toys,3888
2022-08-14,Toys,3855
2022-07-05,Toys,3279
2022-09-12,Toys,4005
2023-04-21,Toys,4113
2023-08-07,Toys,3386
2023-09-15,Toys,2290
2022-04-18,Toys,2168
2022-10-12,Toys,2602
2023-03-22,Toys,3211
2023-09-16,Toys,3056
2022-04-17,Toys,3150
2022-10-13,Toys,4080
2023-09-17,Toys,2948
2022-04-16,Toys,3021
2023-03-21,Toys,2118
2023-09-18,Toys,2512
2022-04-15,Toys,2433
2022-10-14,Toys,2781
2023-03-20,Toys,2364
2022-07-28,Toys,1658
2023-09-19,Toys,2847
2022-04-14,Toys,2084
2022-10-15,Toys,2706
2023-03-19,Toys,2601
2023-09-20,Toys,3097
2022-04-13,Toys,2820
2022-10-16,Toys,3743
2023-09-21,Toys,2471
2023-03-23,Toys,2844
2022-04-12,Toys,1902
2022-10-11,Toys,2405
2023-09-14,Toys,3229
2022-04-26,Toys,2728
2022-10-06,Toys,4000
2023-03-28,Toys,2634
2023-09-08,Toys,2173
2022-04-25,Toys,2375
2022-10-07,Toys,2261
2023-09-09,Toys,2551
2022-04-24,Toys,3344
2023-03-27,Toys,2342
2023-09-10,Toys,3670
2022-04-23,Toys,3254
2022-10-08,Toys,3354
2023-03-26,Toys,2050
2023-09-11,Toys,3357
2022-04-22,Toys,2154
2022-10-09,Toys,1982
2023-03-25,Toys,2440
2023-09-12,Toys,2541
2022-04-21,Toys,3052
2022-10-10,Toys,3105
2023-09-13,Toys,3476
2022-04-20,Toys,2230
2023-03-24,Toys,1337
2022-04-19,Toys,3596
2023-09-07,Toys,3586
2023-03-18,Toys,2133
2022-04-11,Toys,3451
2022-04-03,Toys,1905
2022-10-23,Toys,2121
2023-03-11,Toys,1966
2023-10-01,Toys,3888
2022-04-02,Toys,2031
2022-10-24,Toys,2657
2023-03-10,Toys,2417
2023-10-02,Toys,2592
2022-04-01,Toys,2440
2022-10-25,Toys,3503
2023-10-03,Toys,1663
2022-03-31,Toys,2417
2023-03-09,Toys,2693
2023-10-04,Toys,2623
2022-03-30,Toys,2062
2022-10-26,Toys,2779
2023-03-08,Toys,2223
2023-10-05,Toys,3398
2022-03-29,Toys,2569
2022-10-27,Toys,2111
2023-03-07,Toys,2847
2023-10-06,Toys,2385
2022-03-28,Toys,3612
2023-09-30,Toys,2663
2023-09-22,Toys,2790
2023-03-12,Toys,1208
2023-09-29,Toys,3290
2022-10-17,Toys,2977
2023-03-17,Toys,2694
2023-09-23,Toys,3351
2022-04-10,Toys,3019
2022-10-18,Toys,2240
2023-03-16,Toys,1423
2023-09-24,Toys,1655
2022-04-09,Toys,2391
2022-10-19,Toys,2938
2023-09-25,Toys,2521
2022-04-08,Toys,2915
2023-03-15,Toys,3113
2023-09-26,Toys,2971
2022-04-07,Toys,3108
2022-10-20,Toys,2598
2023-03-14,Toys,2818
2023-09-27,Toys,3514
2022-04-06,Toys,3506
2022-10-21,Toys,1787
2023-03-13,Toys,2675
2023-09-28,Toys,1939
2022-04-05,Toys,2920
2022-10-22,Toys,3017
2022-04-04,Toys,3049
2023-10-07,Toys,2678
2023-03-29,Toys,2876
2022-04-27,Toys,2140
2023-08-15,Toys,2440
2022-05-19,Toys,2871
2022-09-19,Toys,1701
2023-08-16,Toys,2789
2022-05-18,Toys,3299
2023-04-14,Toys,3607
2023-08-17,Toys,2658
2022-05-17,Toys,2750
2022-09-20,Toys,2126
2023-04-13,Toys,3343
2023-08-18,Toys,2626
2022-05-16,Toys,3230
2022-09-21,Toys,2136
2023-04-12,Toys,2377
2023-08-19,Toys,2442
2022-05-15,Toys,1699
2022-09-22,Toys,2786
2023-08-20,Toys,3115
2022-05-14,Toys,2351
2023-04-11,Toys,2168
2023-08-21,Toys,2414
2022-05-13,Toys,2727
2022-09-23,Toys,3622
2023-04-15,Toys,2766
2023-04-10,Toys,3082
2022-09-18,Toys,2574
2023-08-14,Toys,5340
2022-05-27,Toys,2476
2022-09-13,Toys,3218
2023-08-08,Toys,2966
2022-05-26,Toys,3156
2023-04-20,Toys,3404
2023-08-09,Toys,3527
2022-05-25,Toys,2440
2022-09-14,Toys,2700
2023-04-19,Toys,1901
2023-08-10,Toys,2922
2022-05-24,Toys,2577
2022-09-15,Toys,3275
2023-04-18,Toys,3064
2023-08-11,Toys,2643
2022-05-23,Toys,2277
2022-09-16,Toys,2602
2023-08-12,Toys,3136
2022-05-22,Toys,1811
2023-04-17,Toys,2515
2023-08-13,Toys,2812
2022-05-21,Toys,3892
2022-09-17,Toys,2446
2023-04-16,Toys,1721
2022-05-20,Toys,2187
2022-10-05,Toys,3060
2023-08-22,Toys,3193
2022-09-24,Toys,2113
2022-09-30,Toys,1751
2023-04-03,Toys,3031
2023-08-31,Toys,2734
2022-05-03,Toys,3002
2022-10-01,Toys,2417
2023-09-01,Toys,2745
2022-05-02,Toys,1262
2023-04-02,Toys,1996
2023-09-02,Toys,2856
2022-05-01,Toys,2741
2022-10-02,Toys,2428
2023-04-01,Toys,2341
2023-09-03,Toys,2920
2022-04-30,Toys,3164
2022-10-03,Toys,2543
2023-03-31,Toys,3629
2023-09-04,Toys,1706
2022-04-29,Toys,3078
2022-10-04,Toys,1840
2023-09-05,Toys,2234
2022-04-28,Toys,4048
2023-03-30,Toys,1411
2023-09-06,Toys,2930
2022-05-04,Toys,2762
2022-05-12,Toys,4567
2023-08-30,Toys,2445
2022-09-29,Toys,4541
2023-04-09,Toys,3147
2023-08-23,Toys,3240
2022-05-11,Toys,3565
2022-09-25,Toys,1470
2023-08-24,Toys,2364
2022-05-10,Toys,2220
2023-04-08,Toys,2080
2023-08-25,Toys,2047
2022-05-09,Toys,2061
2022-09-26,Toys,3170
2023-04-07,Toys,2626
2023-08-26,Toys,1558
2022-05-08,Toys,4105
2022-09-27,Toys,3143
2023-04-06,Toys,3200
2023-08-27,Toys,1441
2022-05-07,Toys,2598
2022-09-28,Toys,2496
2023-08-28,Toys,2478
2022-05-06,Toys,3246
2023-04-05,Toys,2926
2023-08-29,Toys,2045
2022-05-05,Toys,2855
2023-04-04,Toys,2990
2024-01-01,Toys,3240
